datetime,event,peak,count
2026-08-01T06:47:22,bike,112,1
2026-08-01T06:47:23,single,154,2
2026-08-01T06:51:11,single,96,3
2026-08-01T06:54:14,bike,137,4
2026-08-01T06:57:49,single,178,5
2026-08-01T06:59:59,single,109,6
2026-08-01T07:02:25,single,288,7
2026-08-01T07:07:05,bike,126,8
2026-08-01T07:07:30,bike,114,9
2026-08-01T07:08:48,single,107,10
2026-08-01T07:08:49,single,113,11
2026-08-01T07:12:34,bike,107,12
2026-08-01T07:20:18,bike,143,13
2026-08-01T07:26:29,bike,103,14
2026-08-01T07:28:15,bike,122,15
2026-08-01T07:28:15,bike,134,16
2026-08-01T07:29:12,single,93,17
2026-08-01T07:31:10,bike,112,18
2026-08-01T07:34:42,bike,181,19
2026-08-01T07:35:10,bike,140,20
2026-08-01T07:35:14,bike,97,21
2026-08-01T07:35:43,bike,160,22
2026-08-01T07:37:35,bike,358,23
2026-08-01T07:38:27,bike,190,24
2026-08-01T07:39:31,bike,136,25
2026-08-01T07:41:26,bike,82,26
2026-08-01T07:47:13,bike,219,27
2026-08-01T07:48:04,bike,129,28
2026-08-01T07:48:33,bike,181,29
2026-08-01T07:49:55,bike,143,30
2026-08-01T07:50:03,bike,181,31
2026-08-01T07:50:23,bike,225,32
2026-08-01T07:53:28,bike,138,33
2026-08-01T07:53:28,single,124,34
2026-08-01T07:53:52,bike,210,35
2026-08-01T07:53:54,bike,173,36
2026-08-01T07:54:21,bike,170,37
2026-08-01T07:54:22,bike,149,38
2026-08-01T07:56:00,bike,150,39
2026-08-01T07:57:26,bike,122,40
2026-08-01T07:57:30,bike,226,41
2026-08-01T07:57:55,bike,169,42
2026-08-01T07:58:08,bike,110,43
2026-08-01T07:58:09,bike,146,44
2026-08-01T07:58:54,single,189,45
2026-08-01T07:59:40,bike,118,46
2026-08-01T08:02:16,bike,104,47
2026-08-01T08:02:16,bike,104,48
2026-08-01T08:02:17,single,126,49
2026-08-01T08:02:22,bike,142,50
2026-08-01T08:03:51,bike,122,51
2026-08-01T08:04:00,bike,148,52
2026-08-01T08:05:35,bike,168,53
2026-08-01T08:05:46,bike,200,54
2026-08-01T08:06:11,bike,174,55
2026-08-01T08:06:48,bike,247,56
2026-08-01T08:07:32,bike,145,57
2026-08-01T08:09:13,bike,210,58
2026-08-01T08:10:19,bike,190,59
2026-08-01T08:10:50,bike,157,60
2026-08-01T08:10:56,bike,165,61
2026-08-01T08:11:18,bike,173,62
2026-08-01T08:11:18,bike,143,63
2026-08-01T08:11:19,bike,137,64
2026-08-01T08:11:20,bike,140,65
2026-08-01T08:11:53,bike,698,66
2026-08-01T08:12:25,bike,154,67
2026-08-01T08:12:26,bike,151,68
2026-08-01T08:12:38,bike,192,69
2026-08-01T08:13:07,bike,160,70
2026-08-01T08:14:07,bike,145,71
2026-08-01T08:14:18,bike,173,72
2026-08-01T08:15:16,bike,439,73
2026-08-01T08:15:50,bike,192,74
2026-08-01T08:16:00,bike,307,75
2026-08-01T08:16:28,bike,200,76
2026-08-01T08:17:05,bike,204,77
2026-08-01T08:17:12,bike,301,78
2026-08-01T08:18:01,bike,172,79
2026-08-01T08:18:47,bike,130,80
2026-08-01T08:18:48,bike,151,81
2026-08-01T08:20:28,bike,141,82
2026-08-01T08:21:15,bike,418,83
2026-08-01T08:22:47,bike,193,84
2026-08-01T08:22:50,bike,249,85
2026-08-01T08:22:51,bike,218,86
2026-08-01T08:23:01,single,146,87
2026-08-01T08:23:39,bike,135,88
2026-08-01T08:24:52,bike,114,89
2026-08-01T08:25:59,bike,189,90
2026-08-01T08:26:13,bike,163,91
2026-08-01T08:27:30,bike,160,92
2026-08-01T08:27:33,bike,162,93
2026-08-01T08:28:03,bike,298,94
2026-08-01T08:28:05,bike,190,95
2026-08-01T08:28:19,bike,172,96
2026-08-01T08:28:56,bike,216,97
2026-08-01T08:28:57,bike,192,98
2026-08-01T08:31:05,bike,154,99
2026-08-01T08:31:18,single,189,100
2026-08-01T08:31:29,single,231,101
2026-08-01T08:31:39,bike,111,102
2026-08-01T08:31:40,bike,89,103
2026-08-01T08:31:43,bike,120,104
2026-08-01T08:32:17,bike,172,105
2026-08-01T08:32:41,bike,140,106
2026-08-01T08:32:42,bike,146,107
2026-08-01T08:33:15,bike,151,108
2026-08-01T08:34:12,bike,182,109
2026-08-01T08:34:28,bike,231,110
2026-08-01T08:36:12,single,208,111
2026-08-01T08:36:21,bike,257,112
2026-08-01T08:36:37,bike,294,113
2026-08-01T08:36:40,single,138,114
2026-08-01T08:36:43,bike,228,115
2026-08-01T08:37:11,bike,138,116
2026-08-01T08:37:14,bike,146,117
2026-08-01T08:37:53,bike,210,118
2026-08-01T08:38:41,bike,216,119
2026-08-01T08:38:58,bike,194,120
2026-08-01T08:39:54,bike,172,121
2026-08-01T08:40:25,bike,244,122
2026-08-01T08:43:09,single,431,123
2026-08-01T08:43:17,bike,159,124
2026-08-01T08:43:18,bike,142,125
2026-08-01T08:43:25,bike,175,126
2026-08-01T08:43:33,bike,249,127
2026-08-01T08:43:33,single,204,128
2026-08-01T08:43:34,bike,204,129
2026-08-01T08:44:09,bike,229,130
2026-08-01T08:44:47,bike,416,131
2026-08-01T08:45:43,bike,213,132
2026-08-01T08:46:59,bike,176,133
2026-08-01T08:47:09,bike,180,134
2026-08-01T08:48:14,bike,189,135
2026-08-01T08:48:21,bike,166,136
2026-08-01T08:48:22,bike,141,137
2026-08-01T08:49:43,bike,160,138
2026-08-01T08:49:45,bike,138,139
2026-08-01T08:50:17,bike,224,140
2026-08-01T08:50:41,bike,153,141
2026-08-01T08:50:42,single,142,142
2026-08-01T08:52:15,bike,147,143
2026-08-01T08:52:16,single,156,144
2026-08-01T08:52:22,bike,189,145
2026-08-01T08:52:40,bike,159,146
2026-08-01T08:53:50,bike,163,147
2026-08-01T08:53:52,bike,152,148
2026-08-01T08:53:53,bike,148,149
2026-08-01T08:55:00,bike,130,150
2026-08-01T08:55:15,bike,150,151
2026-08-01T08:55:16,single,129,152
2026-08-01T08:55:33,bike,201,153
2026-08-01T08:55:38,bike,142,154
2026-08-01T08:56:04,bike,118,155
2026-08-01T08:56:24,bike,203,156
2026-08-01T08:56:25,single,146,157
2026-08-01T08:57:06,bike,169,158
2026-08-01T08:58:05,bike,134,159
2026-08-01T08:58:20,single,135,160
2026-08-01T08:58:25,bike,193,161
2026-08-01T08:58:26,bike,181,162
2026-08-01T09:01:24,bike,239,163
2026-08-01T09:01:29,bike,275,164
2026-08-01T09:01:50,bike,138,165
2026-08-01T09:02:03,bike,332,166
2026-08-01T09:03:03,bike,171,167
2026-08-01T09:03:43,bike,168,168
2026-08-01T09:04:13,bike,152,169
2026-08-01T09:06:21,bike,167,170
2026-08-01T09:06:29,bike,159,171
2026-08-01T09:06:50,bike,174,172
2026-08-01T09:07:57,bike,195,173
2026-08-01T09:10:45,bike,133,174
2026-08-01T09:10:45,bike,134,175
2026-08-01T09:10:51,bike,286,176
2026-08-01T09:10:56,bike,218,177
2026-08-01T09:11:15,bike,247,178
2026-08-01T09:11:19,bike,196,179
2026-08-01T09:11:24,bike,165,180
2026-08-01T09:11:35,bike,222,181
2026-08-01T09:11:36,bike,187,182
2026-08-01T09:11:54,single,229,183
2026-08-01T09:11:58,bike,328,184
2026-08-01T09:11:59,bike,141,185
2026-08-01T09:12:40,bike,186,186
2026-08-01T09:12:46,bike,170,187
2026-08-01T09:13:10,bike,220,188
2026-08-01T09:13:12,bike,165,189
2026-08-01T09:13:17,bike,178,190
2026-08-01T09:13:44,bike,167,191
2026-08-01T09:15:04,bike,185,192
2026-08-01T09:15:05,bike,179,193
2026-08-01T09:15:37,bike,184,194
2026-08-01T09:15:45,bike,278,195
2026-08-01T09:15:50,bike,346,196
2026-08-01T09:15:51,bike,196,197
2026-08-01T09:15:53,bike,279,198
2026-08-01T09:16:10,bike,271,199
2026-08-01T09:16:16,single,214,200
2026-08-01T09:16:17,bike,170,201
2026-08-01T09:17:02,bike,68,202
2026-08-01T09:17:03,bike,68,203
2026-08-01T09:17:04,bike,69,204
2026-08-01T09:17:05,bike,69,205
2026-08-01T09:17:05,bike,69,206
2026-08-01T09:17:05,bike,70,207
2026-08-01T09:17:06,bike,68,208
2026-08-01T09:17:06,bike,69,209
2026-08-01T09:17:07,bike,69,210
2026-08-01T09:17:07,bike,68,211
2026-08-01T09:17:07,bike,69,212
2026-08-01T09:17:08,bike,70,213
2026-08-01T09:17:08,bike,69,214
2026-08-01T09:17:08,bike,69,215
2026-08-01T09:17:08,bike,69,216
2026-08-01T09:17:09,bike,70,217
2026-08-01T09:17:09,bike,69,218
2026-08-01T09:17:10,bike,69,219
2026-08-01T09:17:10,bike,69,220
2026-08-01T09:17:10,bike,70,221
2026-08-01T09:17:10,bike,70,222
2026-08-01T09:17:11,bike,68,223
2026-08-01T09:17:11,bike,70,224
2026-08-01T09:17:11,bike,70,225
2026-08-01T09:17:12,bike,69,226
2026-08-01T09:17:12,bike,69,227
2026-08-01T09:17:12,bike,71,228
2026-08-01T09:17:13,bike,70,229
2026-08-01T09:17:13,bike,70,230
2026-08-01T09:17:13,bike,69,231
2026-08-01T09:17:13,bike,69,232
2026-08-01T09:17:14,bike,70,233
2026-08-01T09:17:14,bike,70,234
2026-08-01T09:17:14,bike,69,235
2026-08-01T09:17:15,bike,70,236
2026-08-01T09:17:15,bike,70,237
2026-08-01T09:17:15,bike,70,238
2026-08-01T09:17:15,bike,69,239
2026-08-01T09:17:16,bike,70,240
2026-08-01T09:17:16,bike,70,241
2026-08-01T09:17:16,bike,70,242
2026-08-01T09:17:17,bike,70,243
2026-08-01T09:17:17,bike,70,244
2026-08-01T09:17:17,bike,72,245
2026-08-01T09:17:17,bike,69,246
2026-08-01T09:17:18,bike,70,247
2026-08-01T09:17:18,bike,70,248
2026-08-01T09:17:18,bike,70,249
2026-08-01T09:17:18,bike,70,250
2026-08-01T09:17:19,bike,70,251
2026-08-01T09:17:19,bike,72,252
2026-08-01T09:17:19,bike,70,253
2026-08-01T09:17:20,bike,71,254
2026-08-01T09:17:20,bike,70,255
2026-08-01T09:17:20,bike,70,256
2026-08-01T09:17:20,bike,70,257
2026-08-01T09:17:21,bike,70,258
2026-08-01T09:17:21,bike,70,259
2026-08-01T09:17:21,bike,71,260
2026-08-01T09:17:22,bike,72,261
2026-08-01T09:17:22,bike,71,262
2026-08-01T09:17:22,bike,71,263
2026-08-01T09:17:22,bike,71,264
2026-08-01T09:17:23,bike,70,265
2026-08-01T09:17:23,bike,72,266
2026-08-01T09:17:23,bike,71,267
2026-08-01T09:17:24,bike,72,268
2026-08-01T09:17:24,bike,72,269
2026-08-01T09:17:24,bike,72,270
2026-08-01T09:17:24,bike,72,271
2026-08-01T09:17:25,bike,71,272
2026-08-01T09:17:25,bike,72,273
2026-08-01T09:17:25,bike,72,274
2026-08-01T09:17:26,bike,72,275
2026-08-01T09:17:26,bike,72,276
2026-08-01T09:17:26,bike,72,277
2026-08-01T09:17:27,bike,72,278
2026-08-01T09:17:27,bike,72,279
2026-08-01T09:17:27,bike,72,280
2026-08-01T09:17:28,bike,72,281
2026-08-01T09:17:28,bike,72,282
2026-08-01T09:17:28,bike,72,283
2026-08-01T09:17:29,bike,72,284
2026-08-01T09:17:29,bike,73,285
2026-08-01T09:17:30,bike,73,286
2026-08-01T09:17:30,bike,169,287
2026-08-01T09:17:30,bike,254,288
2026-08-01T09:17:31,bike,72,289
2026-08-01T09:17:31,bike,71,290
2026-08-01T09:17:31,bike,72,291
2026-08-01T09:17:31,bike,72,292
2026-08-01T09:17:32,bike,72,293
2026-08-01T09:17:32,bike,70,294
2026-08-01T09:17:32,bike,72,295
2026-08-01T09:17:33,bike,71,296
2026-08-01T09:17:33,bike,71,297
2026-08-01T09:17:33,bike,71,298
2026-08-01T09:17:33,bike,71,299
2026-08-01T09:17:34,bike,70,300
2026-08-01T09:17:34,bike,71,301
2026-08-01T09:17:34,bike,71,302
2026-08-01T09:17:35,bike,71,303
2026-08-01T09:17:35,bike,70,304
2026-08-01T09:17:35,bike,71,305
2026-08-01T09:17:35,bike,72,306
2026-08-01T09:17:36,bike,71,307
2026-08-01T09:17:36,bike,71,308
2026-08-01T09:17:36,bike,71,309
2026-08-01T09:17:37,bike,71,310
2026-08-01T09:17:37,bike,70,311
2026-08-01T09:17:37,bike,71,312
2026-08-01T09:17:37,bike,70,313
2026-08-01T09:17:38,bike,72,314
2026-08-01T09:17:38,bike,70,315
2026-08-01T09:17:38,bike,70,316
2026-08-01T09:17:39,bike,70,317
2026-08-01T09:17:39,bike,72,318
2026-08-01T09:17:39,bike,71,319
2026-08-01T09:17:39,bike,71,320
2026-08-01T09:17:40,bike,71,321
2026-08-01T09:17:40,bike,70,322
2026-08-01T09:17:40,bike,70,323
2026-08-01T09:17:41,bike,72,324
2026-08-01T09:17:41,bike,70,325
2026-08-01T09:17:41,bike,72,326
2026-08-01T09:17:41,bike,70,327
2026-08-01T09:17:42,bike,71,328
2026-08-01T09:17:42,bike,71,329
2026-08-01T09:17:42,bike,71,330
2026-08-01T09:17:42,bike,70,331
2026-08-01T09:17:43,bike,70,332
2026-08-01T09:17:43,bike,70,333
2026-08-01T09:17:43,bike,70,334
2026-08-01T09:17:44,bike,71,335
2026-08-01T09:17:44,bike,71,336
2026-08-01T09:17:44,bike,71,337
2026-08-01T09:17:44,bike,72,338
2026-08-01T09:17:45,bike,72,339
2026-08-01T09:17:45,bike,72,340
2026-08-01T09:17:45,bike,70,341
2026-08-01T09:17:46,bike,71,342
2026-08-01T09:17:46,bike,72,343
2026-08-01T09:17:46,bike,72,344
2026-08-01T09:17:46,bike,71,345
2026-08-01T09:17:47,bike,71,346
2026-08-01T09:17:47,bike,72,347
2026-08-01T09:17:47,bike,71,348
2026-08-01T09:17:48,bike,72,349
2026-08-01T09:17:48,bike,72,350
2026-08-01T09:17:48,bike,72,351
2026-08-01T09:17:49,bike,72,352
2026-08-01T09:17:49,bike,72,353
2026-08-01T09:17:49,bike,72,354
2026-08-01T09:17:49,bike,72,355
2026-08-01T09:17:50,bike,72,356
2026-08-01T09:17:50,bike,72,357
2026-08-01T09:17:51,bike,72,358
2026-08-01T09:17:51,bike,72,359
2026-08-01T09:17:51,bike,73,360
2026-08-01T09:17:52,bike,72,361
2026-08-01T09:17:52,bike,73,362
2026-08-01T09:17:53,bike,72,363
2026-08-01T09:17:53,bike,73,364
2026-08-01T09:17:54,bike,74,365
2026-08-01T09:17:55,bike,73,366
2026-08-01T09:17:56,bike,73,367
2026-08-01T09:17:56,bike,73,368
2026-08-01T09:17:57,bike,73,369
2026-08-01T09:17:58,bike,74,370
2026-08-01T09:18:02,bike,247,371
2026-08-01T09:18:03,bike,76,372
2026-08-01T09:18:05,bike,247,373
2026-08-01T09:18:06,bike,77,374
2026-08-01T09:18:10,bike,74,375
2026-08-01T09:18:11,bike,73,376
2026-08-01T09:18:37,bike,227,377
2026-08-01T09:18:39,bike,253,378
2026-08-01T09:21:47,bike,435,379
2026-08-01T09:22:17,bike,250,380
2026-08-01T09:22:18,bike,266,381
2026-08-01T09:22:43,bike,260,382
2026-08-01T09:22:45,bike,248,383
2026-08-01T09:22:57,bike,256,384
2026-08-01T09:23:00,bike,242,385
2026-08-01T09:24:03,bike,246,386
2026-08-01T09:24:07,bike,236,387
2026-08-01T09:24:09,bike,236,388
2026-08-01T09:24:51,bike,249,389
2026-08-01T09:25:43,bike,174,390
2026-08-01T09:25:55,bike,180,391
2026-08-01T09:25:57,bike,209,392
2026-08-01T09:26:26,bike,226,393
2026-08-01T09:26:38,bike,318,394
2026-08-01T09:27:44,bike,242,395
2026-08-01T09:27:57,bike,238,396
2026-08-01T09:28:22,bike,278,397
2026-08-01T09:28:42,bike,201,398
2026-08-01T09:29:17,bike,200,399
2026-08-01T09:29:24,bike,208,400
2026-08-01T09:29:26,bike,197,401
2026-08-01T09:29:26,bike,223,402
2026-08-01T09:29:56,bike,328,403
2026-08-01T09:29:59,bike,258,404
2026-08-01T09:30:14,bike,186,405
2026-08-01T09:30:14,bike,76,406
2026-08-01T09:30:16,bike,181,407
2026-08-01T09:30:17,bike,226,408
2026-08-01T09:30:20,bike,76,409
2026-08-01T09:30:20,bike,73,410
2026-08-01T09:30:21,bike,180,411
2026-08-01T09:30:21,bike,74,412
2026-08-01T09:30:22,bike,73,413
2026-08-01T09:30:23,bike,72,414
2026-08-01T09:30:24,bike,74,415
2026-08-01T09:30:24,bike,72,416
2026-08-01T09:30:24,bike,73,417
2026-08-01T09:30:25,bike,72,418
2026-08-01T09:30:25,bike,73,419
2026-08-01T09:30:26,bike,72,420
2026-08-01T09:30:26,bike,72,421
2026-08-01T09:30:26,bike,72,422
2026-08-01T09:30:27,bike,73,423
2026-08-01T09:30:27,bike,72,424
2026-08-01T09:30:27,bike,72,425
2026-08-01T09:30:28,bike,72,426
2026-08-01T09:30:28,bike,73,427
2026-08-01T09:30:28,bike,72,428
2026-08-01T09:30:29,bike,72,429
2026-08-01T09:30:29,bike,72,430
2026-08-01T09:30:29,bike,72,431
2026-08-01T09:30:30,bike,71,432
2026-08-01T09:30:30,bike,72,433
2026-08-01T09:30:30,bike,71,434
2026-08-01T09:30:31,bike,72,435
2026-08-01T09:30:31,bike,72,436
2026-08-01T09:30:31,bike,71,437
2026-08-01T09:30:32,bike,72,438
2026-08-01T09:30:32,bike,72,439
2026-08-01T09:30:32,bike,72,440
2026-08-01T09:30:33,bike,72,441
2026-08-01T09:30:33,bike,73,442
2026-08-01T09:30:34,bike,72,443
2026-08-01T09:30:34,bike,72,444
2026-08-01T09:30:35,bike,74,445
2026-08-01T09:30:35,bike,73,446
2026-08-01T09:30:35,bike,72,447
2026-08-01T09:30:36,bike,74,448
2026-08-01T09:30:36,bike,72,449
2026-08-01T09:30:37,bike,72,450
2026-08-01T09:30:37,bike,73,451
2026-08-01T09:30:37,bike,72,452
2026-08-01T09:30:38,bike,73,453
2026-08-01T09:30:38,bike,73,454
2026-08-01T09:30:38,bike,72,455
2026-08-01T09:30:39,bike,72,456
2026-08-01T09:30:39,bike,72,457
2026-08-01T09:30:40,bike,73,458
2026-08-01T09:30:40,bike,72,459
2026-08-01T09:30:41,bike,73,460
2026-08-01T09:30:41,bike,74,461
2026-08-01T09:30:42,bike,72,462
2026-08-01T09:30:42,bike,73,463
2026-08-01T09:30:43,bike,73,464
2026-08-01T09:30:44,bike,73,465
2026-08-01T09:30:45,bike,74,466
2026-08-01T09:30:46,bike,74,467
2026-08-01T09:30:47,bike,73,468
2026-08-01T09:30:47,bike,74,469
2026-08-01T09:30:48,bike,74,470
2026-08-01T09:30:48,bike,72,471
2026-08-01T09:30:49,bike,72,472
2026-08-01T09:30:49,bike,73,473
2026-08-01T09:30:50,bike,74,474
2026-08-01T09:30:51,bike,72,475
2026-08-01T09:30:51,bike,73,476
2026-08-01T09:30:52,bike,73,477
2026-08-01T09:30:53,bike,72,478
2026-08-01T09:30:54,bike,72,479
2026-08-01T09:30:54,bike,73,480
2026-08-01T09:30:55,bike,72,481
2026-08-01T09:30:55,bike,74,482
2026-08-01T09:30:57,bike,73,483
2026-08-01T09:30:58,bike,73,484
2026-08-01T09:30:58,bike,73,485
2026-08-01T09:30:59,bike,74,486
2026-08-01T09:31:00,bike,73,487
2026-08-01T09:31:03,bike,74,488
2026-08-01T09:31:05,bike,75,489
2026-08-01T09:31:07,bike,196,490
2026-08-01T09:31:07,bike,76,491
2026-08-01T09:31:09,bike,74,492
2026-08-01T09:31:10,bike,74,493
2026-08-01T09:31:12,bike,74,494
2026-08-01T09:31:13,bike,74,495
2026-08-01T09:31:15,bike,74,496
2026-08-01T09:31:15,bike,74,497
2026-08-01T09:31:16,bike,74,498
2026-08-01T09:31:17,bike,74,499
2026-08-01T09:31:18,bike,73,500
2026-08-01T09:31:18,bike,73,501
2026-08-01T09:31:19,bike,74,502
2026-08-01T09:31:20,bike,73,503
2026-08-01T09:31:21,bike,73,504
2026-08-01T09:31:23,bike,74,505
2026-08-01T09:31:24,bike,73,506
2026-08-01T09:31:25,bike,73,507
2026-08-01T09:31:27,bike,74,508
2026-08-01T09:31:31,bike,74,509
2026-08-01T09:31:33,bike,75,510
2026-08-01T09:31:50,bike,244,511
2026-08-01T09:32:15,bike,76,512
2026-08-01T09:33:03,bike,233,513
2026-08-01T09:33:08,bike,73,514
2026-08-01T09:33:10,bike,74,515
2026-08-01T09:33:10,bike,74,516
2026-08-01T09:33:12,bike,73,517
2026-08-01T09:33:13,bike,73,518
2026-08-01T09:33:14,bike,73,519
2026-08-01T09:33:14,bike,73,520
2026-08-01T09:33:14,bike,72,521
2026-08-01T09:33:15,bike,73,522
2026-08-01T09:33:15,bike,73,523
2026-08-01T09:33:16,bike,73,524
2026-08-01T09:33:17,bike,73,525
2026-08-01T09:33:17,bike,72,526
2026-08-01T09:33:17,bike,72,527
2026-08-01T09:33:18,bike,72,528
2026-08-01T09:33:18,bike,72,529
2026-08-01T09:33:19,bike,72,530
2026-08-01T09:33:19,bike,73,531
2026-08-01T09:33:19,bike,73,532
2026-08-01T09:33:20,bike,73,533
2026-08-01T09:33:20,bike,72,534
2026-08-01T09:33:20,bike,72,535
2026-08-01T09:33:21,bike,72,536
2026-08-01T09:33:21,bike,72,537
2026-08-01T09:33:21,bike,72,538
2026-08-01T09:33:22,bike,72,539
2026-08-01T09:33:22,bike,72,540
2026-08-01T09:33:22,bike,71,541
2026-08-01T09:33:23,bike,72,542
2026-08-01T09:33:23,bike,72,543
2026-08-01T09:33:23,bike,72,544
2026-08-01T09:33:24,bike,72,545
2026-08-01T09:33:24,bike,72,546
2026-08-01T09:33:24,bike,72,547
2026-08-01T09:33:25,bike,73,548
2026-08-01T09:33:25,bike,72,549
2026-08-01T09:33:25,bike,72,550
2026-08-01T09:33:26,bike,72,551
2026-08-01T09:33:26,bike,72,552
2026-08-01T09:33:26,bike,73,553
2026-08-01T09:33:27,bike,72,554
2026-08-01T09:33:27,bike,72,555
2026-08-01T09:33:27,bike,72,556
2026-08-01T09:33:28,bike,72,557
2026-08-01T09:33:28,bike,72,558
2026-08-01T09:33:28,bike,72,559
2026-08-01T09:33:29,bike,73,560
2026-08-01T09:33:29,bike,73,561
2026-08-01T09:33:29,bike,72,562
2026-08-01T09:33:30,bike,72,563
2026-08-01T09:33:30,bike,72,564
2026-08-01T09:33:30,bike,72,565
2026-08-01T09:33:31,bike,72,566
2026-08-01T09:33:31,bike,72,567
2026-08-01T09:33:31,bike,72,568
2026-08-01T09:33:32,bike,72,569
2026-08-01T09:33:32,bike,72,570
2026-08-01T09:33:32,bike,72,571
2026-08-01T09:33:33,bike,72,572
2026-08-01T09:33:33,bike,72,573
2026-08-01T09:33:33,bike,72,574
2026-08-01T09:33:34,bike,72,575
2026-08-01T09:33:34,bike,72,576
2026-08-01T09:33:34,bike,72,577
2026-08-01T09:33:35,bike,72,578
2026-08-01T09:33:35,bike,72,579
2026-08-01T09:33:35,bike,72,580
2026-08-01T09:33:36,bike,71,581
2026-08-01T09:33:36,bike,71,582
2026-08-01T09:33:36,bike,72,583
2026-08-01T09:33:37,bike,72,584
2026-08-01T09:33:37,bike,70,585
2026-08-01T09:33:37,bike,72,586
2026-08-01T09:33:37,bike,72,587
2026-08-01T09:33:38,bike,73,588
2026-08-01T09:33:38,bike,71,589
2026-08-01T09:33:38,bike,72,590
2026-08-01T09:33:39,bike,72,591
2026-08-01T09:33:39,bike,72,592
2026-08-01T09:33:39,bike,72,593
2026-08-01T09:33:40,bike,72,594
2026-08-01T09:33:40,bike,71,595
2026-08-01T09:33:40,bike,72,596
2026-08-01T09:33:41,bike,72,597
2026-08-01T09:33:41,bike,72,598
2026-08-01T09:33:41,bike,73,599
2026-08-01T09:33:41,bike,71,600
2026-08-01T09:33:42,bike,72,601
2026-08-01T09:33:42,bike,72,602
2026-08-01T09:33:42,bike,72,603
2026-08-01T09:33:43,bike,71,604
2026-08-01T09:33:43,bike,72,605
2026-08-01T09:33:43,bike,71,606
2026-08-01T09:33:44,bike,72,607
2026-08-01T09:33:44,bike,72,608
2026-08-01T09:33:44,bike,72,609
2026-08-01T09:33:45,bike,72,610
2026-08-01T09:33:45,bike,72,611
2026-08-01T09:33:45,bike,72,612
2026-08-01T09:33:46,bike,74,613
2026-08-01T09:33:46,bike,72,614
2026-08-01T09:33:46,bike,71,615
2026-08-01T09:33:47,bike,72,616
2026-08-01T09:33:47,bike,71,617
2026-08-01T09:33:47,bike,72,618
2026-08-01T09:33:47,bike,72,619
2026-08-01T09:33:48,bike,72,620
2026-08-01T09:33:48,bike,72,621
2026-08-01T09:33:48,bike,72,622
2026-08-01T09:33:49,bike,72,623
2026-08-01T09:33:49,bike,73,624
2026-08-01T09:33:49,bike,71,625
2026-08-01T09:33:50,bike,72,626
2026-08-01T09:33:50,bike,72,627
2026-08-01T09:33:51,bike,72,628
2026-08-01T09:33:51,bike,72,629
2026-08-01T09:33:51,bike,72,630
2026-08-01T09:33:52,bike,72,631
2026-08-01T09:33:52,bike,72,632
2026-08-01T09:33:52,bike,72,633
2026-08-01T09:33:53,bike,73,634
2026-08-01T09:33:53,bike,72,635
2026-08-01T09:33:53,bike,71,636
2026-08-01T09:33:54,bike,72,637
2026-08-01T09:33:54,bike,72,638
2026-08-01T09:33:54,bike,73,639
2026-08-01T09:33:55,bike,72,640
2026-08-01T09:33:55,bike,73,641
2026-08-01T09:33:55,bike,72,642
2026-08-01T09:33:56,bike,72,643
2026-08-01T09:33:56,bike,73,644
2026-08-01T09:33:56,bike,72,645
2026-08-01T09:33:57,bike,73,646
2026-08-01T09:33:57,bike,72,647
2026-08-01T09:33:58,bike,74,648
2026-08-01T09:33:58,bike,72,649
2026-08-01T09:33:59,bike,73,650
2026-08-01T09:33:59,bike,72,651
2026-08-01T09:33:59,bike,73,652
2026-08-01T09:34:00,bike,72,653
2026-08-01T09:34:00,bike,72,654
2026-08-01T09:34:01,bike,73,655
2026-08-01T09:34:01,bike,73,656
2026-08-01T09:34:02,bike,73,657
2026-08-01T09:34:02,bike,74,658
2026-08-01T09:34:03,bike,72,659
2026-08-01T09:34:04,bike,73,660
2026-08-01T09:34:04,bike,73,661
2026-08-01T09:34:05,bike,73,662
2026-08-01T09:34:06,bike,74,663
2026-08-01T09:34:07,bike,73,664
2026-08-01T09:34:07,bike,73,665
2026-08-01T09:34:08,bike,73,666
2026-08-01T09:34:09,bike,74,667
2026-08-01T09:34:09,bike,72,668
2026-08-01T09:34:10,bike,73,669
2026-08-01T09:34:10,bike,74,670
2026-08-01T09:34:11,bike,73,671
2026-08-01T09:34:12,bike,73,672
2026-08-01T09:34:13,bike,74,673
2026-08-01T09:34:14,bike,74,674
2026-08-01T09:34:16,bike,74,675
2026-08-01T09:34:17,bike,73,676
2026-08-01T09:34:18,bike,74,677
2026-08-01T09:34:32,bike,173,678
2026-08-01T09:34:34,bike,176,679
2026-08-01T09:34:34,bike,75,680
2026-08-01T09:34:35,bike,73,681
2026-08-01T09:34:37,bike,170,682
2026-08-01T09:34:37,bike,75,683
2026-08-01T09:34:39,bike,74,684
2026-08-01T09:34:40,bike,74,685
2026-08-01T09:34:41,bike,72,686
2026-08-01T09:34:42,bike,74,687
2026-08-01T09:34:43,bike,71,688
2026-08-01T09:34:45,bike,73,689
2026-08-01T09:34:45,bike,72,690
2026-08-01T09:34:46,bike,73,691
2026-08-01T09:34:47,bike,74,692
2026-08-01T09:34:47,bike,73,693
2026-08-01T09:34:48,bike,73,694
2026-08-01T09:34:49,bike,73,695
2026-08-01T09:34:49,bike,73,696
2026-08-01T09:34:49,bike,73,697
2026-08-01T09:34:50,bike,72,698
2026-08-01T09:34:50,bike,73,699
2026-08-01T09:34:51,bike,73,700
2026-08-01T09:34:51,bike,73,701
2026-08-01T09:34:52,bike,73,702
2026-08-01T09:34:52,bike,74,703
2026-08-01T09:34:53,bike,73,704
2026-08-01T09:34:54,bike,73,705
2026-08-01T09:34:55,bike,73,706
2026-08-01T09:34:56,bike,74,707
2026-08-01T09:34:56,bike,73,708
2026-08-01T09:34:57,bike,73,709
2026-08-01T09:34:57,bike,73,710
2026-08-01T09:34:58,bike,73,711
2026-08-01T09:34:59,bike,74,712
2026-08-01T09:35:00,bike,74,713
2026-08-01T09:35:00,bike,72,714
2026-08-01T09:35:01,bike,72,715
2026-08-01T09:35:01,bike,73,716
2026-08-01T09:35:02,bike,73,717
2026-08-01T09:35:03,bike,74,718
2026-08-01T09:35:03,bike,74,719
2026-08-01T09:35:05,bike,74,720
2026-08-01T09:35:05,bike,74,721
2026-08-01T09:35:06,bike,74,722
2026-08-01T09:35:07,bike,74,723
2026-08-01T09:35:08,bike,73,724
2026-08-01T09:35:09,bike,74,725
2026-08-01T09:35:10,bike,74,726
2026-08-01T09:35:12,bike,74,727
2026-08-01T09:35:12,bike,73,728
2026-08-01T09:35:14,bike,74,729
2026-08-01T09:35:14,bike,73,730
2026-08-01T09:35:15,bike,74,731
2026-08-01T09:35:16,bike,74,732
2026-08-01T09:35:17,bike,74,733
2026-08-01T09:35:19,bike,74,734
2026-08-01T09:35:20,bike,73,735
2026-08-01T09:35:23,bike,74,736
2026-08-01T09:35:24,bike,74,737
2026-08-01T09:35:24,bike,74,738
2026-08-01T09:35:25,bike,73,739
2026-08-01T09:35:26,bike,73,740
2026-08-01T09:35:26,bike,72,741
2026-08-01T09:35:27,bike,72,742
2026-08-01T09:35:28,bike,72,743
2026-08-01T09:35:28,bike,72,744
2026-08-01T09:35:28,bike,72,745
2026-08-01T09:35:29,bike,73,746
2026-08-01T09:35:29,bike,73,747
2026-08-01T09:35:30,bike,72,748
2026-08-01T09:35:30,bike,74,749
2026-08-01T09:35:31,bike,72,750
2026-08-01T09:35:31,bike,74,751
2026-08-01T09:35:32,bike,73,752
2026-08-01T09:35:33,bike,73,753
2026-08-01T09:35:33,bike,74,754
2026-08-01T09:35:34,bike,72,755
2026-08-01T09:35:34,bike,72,756
2026-08-01T09:35:35,bike,73,757
2026-08-01T09:35:36,bike,73,758
2026-08-01T09:35:36,bike,73,759
2026-08-01T09:35:37,bike,73,760
2026-08-01T09:35:37,bike,72,761
2026-08-01T09:35:38,bike,73,762
2026-08-01T09:35:39,bike,73,763
2026-08-01T09:35:40,bike,74,764
2026-08-01T09:35:40,bike,74,765
2026-08-01T09:35:41,bike,73,766
2026-08-01T09:35:42,bike,73,767
2026-08-01T09:35:43,bike,74,768
2026-08-01T09:35:43,bike,73,769
2026-08-01T09:35:44,bike,72,770
2026-08-01T09:35:45,bike,73,771
2026-08-01T09:35:46,bike,73,772
2026-08-01T09:35:46,bike,73,773
2026-08-01T09:35:47,bike,72,774
2026-08-01T09:35:47,bike,73,775
2026-08-01T09:35:48,bike,72,776
2026-08-01T09:35:49,bike,73,777
2026-08-01T09:35:49,bike,72,778
2026-08-01T09:35:50,bike,73,779
2026-08-01T09:35:50,bike,73,780
2026-08-01T09:35:51,bike,73,781
2026-08-01T09:35:52,bike,73,782
2026-08-01T09:35:52,bike,72,783
2026-08-01T09:35:52,bike,72,784
2026-08-01T09:35:53,bike,71,785
2026-08-01T09:35:53,bike,72,786
2026-08-01T09:35:53,bike,72,787
2026-08-01T09:35:54,bike,72,788
2026-08-01T09:35:54,bike,71,789
2026-08-01T09:35:55,bike,72,790
2026-08-01T09:35:55,bike,73,791
2026-08-01T09:35:56,bike,72,792
2026-08-01T09:35:56,bike,72,793
2026-08-01T09:35:56,bike,72,794
2026-08-01T09:35:57,bike,73,795
2026-08-01T09:35:57,bike,72,796
2026-08-01T09:35:57,bike,72,797
2026-08-01T09:35:58,bike,72,798
2026-08-01T09:35:58,bike,72,799
2026-08-01T09:35:58,bike,72,800
2026-08-01T09:35:58,bike,73,801
2026-08-01T09:35:59,bike,73,802
2026-08-01T09:35:59,bike,72,803
2026-08-01T09:36:00,bike,73,804
2026-08-01T09:36:00,bike,72,805
2026-08-01T09:36:00,bike,72,806
2026-08-01T09:36:01,bike,72,807
2026-08-01T09:36:01,bike,72,808
2026-08-01T09:36:01,bike,72,809
2026-08-01T09:36:02,bike,73,810
2026-08-01T09:36:02,bike,72,811
2026-08-01T09:36:02,bike,73,812
2026-08-01T09:36:03,bike,72,813
2026-08-01T09:36:03,bike,71,814
2026-08-01T09:36:03,bike,72,815
2026-08-01T09:36:04,bike,72,816
2026-08-01T09:36:04,bike,73,817
2026-08-01T09:36:04,bike,72,818
2026-08-01T09:36:05,bike,72,819
2026-08-01T09:36:05,bike,72,820
2026-08-01T09:36:05,bike,72,821
2026-08-01T09:36:06,bike,72,822
2026-08-01T09:36:06,bike,72,823
2026-08-01T09:36:06,bike,72,824
2026-08-01T09:36:06,bike,72,825
2026-08-01T09:36:07,bike,72,826
2026-08-01T09:36:07,bike,72,827
2026-08-01T09:36:07,bike,75,828
2026-08-01T09:36:08,bike,70,829
2026-08-01T09:36:08,bike,72,830
2026-08-01T09:36:08,bike,72,831
2026-08-01T09:36:09,bike,72,832
2026-08-01T09:36:09,bike,72,833
2026-08-01T09:36:09,bike,72,834
2026-08-01T09:36:09,bike,72,835
2026-08-01T09:36:10,bike,71,836
2026-08-01T09:36:10,bike,72,837
2026-08-01T09:36:10,bike,72,838
2026-08-01T09:36:11,bike,70,839
2026-08-01T09:36:11,bike,72,840
2026-08-01T09:36:11,bike,72,841
2026-08-01T09:36:11,bike,71,842
2026-08-01T09:36:12,bike,71,843
2026-08-01T09:36:12,bike,70,844
2026-08-01T09:36:12,bike,70,845
2026-08-01T09:36:13,bike,72,846
2026-08-01T09:36:13,bike,69,847
2026-08-01T09:36:14,bike,72,848
2026-08-01T09:36:14,bike,70,849
2026-08-01T09:36:14,bike,71,850
2026-08-01T09:36:15,bike,71,851
2026-08-01T09:36:15,bike,72,852
2026-08-01T09:36:15,bike,71,853
2026-08-01T09:36:15,bike,70,854
2026-08-01T09:36:16,bike,71,855
2026-08-01T09:36:16,bike,72,856
2026-08-01T09:36:16,bike,70,857
2026-08-01T09:36:17,bike,70,858
2026-08-01T09:36:17,bike,71,859
2026-08-01T09:36:17,bike,70,860
2026-08-01T09:36:17,bike,70,861
2026-08-01T09:36:18,bike,69,862
2026-08-01T09:36:18,bike,71,863
2026-08-01T09:36:18,bike,70,864
2026-08-01T09:36:18,bike,70,865
2026-08-01T09:36:19,bike,70,866
2026-08-01T09:36:19,bike,70,867
2026-08-01T09:36:19,bike,70,868
2026-08-01T09:36:20,bike,71,869
2026-08-01T09:36:20,bike,71,870
2026-08-01T09:36:20,bike,70,871
2026-08-01T09:36:20,bike,72,872
2026-08-01T09:36:21,bike,71,873
2026-08-01T09:36:21,bike,70,874
2026-08-01T09:36:21,bike,72,875
2026-08-01T09:36:22,bike,72,876
2026-08-01T09:36:22,bike,70,877
2026-08-01T09:36:22,bike,71,878
2026-08-01T09:36:22,bike,71,879
2026-08-01T09:36:23,bike,71,880
2026-08-01T09:36:23,bike,72,881
2026-08-01T09:36:23,bike,71,882
2026-08-01T09:36:23,bike,70,883
2026-08-01T09:36:24,bike,70,884
2026-08-01T09:36:24,bike,71,885
2026-08-01T09:36:24,bike,72,886
2026-08-01T09:36:25,bike,71,887
2026-08-01T09:36:25,bike,71,888
2026-08-01T09:36:25,bike,70,889
2026-08-01T09:36:25,bike,71,890
2026-08-01T09:36:26,bike,71,891
2026-08-01T09:36:26,bike,70,892
2026-08-01T09:36:26,bike,71,893
2026-08-01T09:36:27,bike,72,894
2026-08-01T09:36:27,bike,70,895
2026-08-01T09:36:27,bike,70,896
2026-08-01T09:36:27,bike,70,897
2026-08-01T09:36:28,bike,70,898
2026-08-01T09:36:28,bike,71,899
2026-08-01T09:36:28,bike,71,900
2026-08-01T09:36:29,bike,72,901
2026-08-01T09:36:29,bike,71,902
2026-08-01T09:36:29,bike,71,903
2026-08-01T09:36:29,bike,70,904
2026-08-01T09:36:30,bike,71,905
2026-08-01T09:36:30,bike,70,906
2026-08-01T09:36:30,bike,71,907
2026-08-01T09:36:31,bike,70,908
2026-08-01T09:36:31,bike,71,909
2026-08-01T09:36:31,bike,72,910
2026-08-01T09:36:31,bike,71,911
2026-08-01T09:36:32,bike,71,912
2026-08-01T09:36:32,bike,71,913
2026-08-01T09:36:32,bike,72,914
2026-08-01T09:36:32,bike,70,915
2026-08-01T09:36:33,bike,71,916
2026-08-01T09:36:33,bike,70,917
2026-08-01T09:36:33,bike,71,918
2026-08-01T09:36:34,bike,72,919
2026-08-01T09:36:34,bike,71,920
2026-08-01T09:36:34,bike,72,921
2026-08-01T09:36:34,bike,70,922
2026-08-01T09:36:35,bike,71,923
2026-08-01T09:36:35,bike,72,924
2026-08-01T09:36:35,bike,71,925
2026-08-01T09:36:36,bike,72,926
2026-08-01T09:36:36,bike,72,927
2026-08-01T09:36:36,bike,72,928
2026-08-01T09:36:37,bike,72,929
2026-08-01T09:36:37,bike,72,930
2026-08-01T09:36:37,bike,72,931
2026-08-01T09:36:37,bike,72,932
2026-08-01T09:36:38,bike,72,933
2026-08-01T09:36:38,bike,72,934
2026-08-01T09:36:38,bike,72,935
2026-08-01T09:36:39,bike,72,936
2026-08-01T09:36:39,bike,72,937
2026-08-01T09:36:39,bike,71,938
2026-08-01T09:36:40,bike,72,939
2026-08-01T09:36:40,bike,72,940
2026-08-01T09:36:40,bike,72,941
2026-08-01T09:36:41,bike,72,942
2026-08-01T09:36:41,bike,72,943
2026-08-01T09:36:41,bike,72,944
2026-08-01T09:36:42,bike,72,945
2026-08-01T09:36:42,bike,72,946
2026-08-01T09:36:42,bike,72,947
2026-08-01T09:36:43,bike,72,948
2026-08-01T09:36:43,bike,72,949
2026-08-01T09:36:43,bike,71,950
2026-08-01T09:36:44,bike,72,951
2026-08-01T09:36:44,bike,72,952
2026-08-01T09:36:45,bike,73,953
2026-08-01T09:36:45,bike,72,954
2026-08-01T09:36:45,bike,73,955
2026-08-01T09:36:46,bike,73,956
2026-08-01T09:36:46,bike,73,957
2026-08-01T09:36:47,bike,74,958
2026-08-01T09:36:48,bike,73,959
2026-08-01T09:36:49,bike,73,960
2026-08-01T09:36:49,bike,73,961
2026-08-01T09:36:50,bike,72,962
2026-08-01T09:36:51,bike,74,963
2026-08-01T09:36:52,bike,73,964
2026-08-01T09:36:53,bike,74,965
2026-08-01T09:36:54,bike,73,966
2026-08-01T09:36:54,bike,72,967
2026-08-01T09:36:55,bike,73,968
2026-08-01T09:36:56,bike,73,969
2026-08-01T09:36:58,bike,74,970
2026-08-01T09:36:59,bike,74,971
2026-08-01T09:37:01,bike,74,972
2026-08-01T09:37:01,bike,75,973
2026-08-01T09:37:02,bike,74,974
2026-08-01T09:37:04,bike,74,975
2026-08-01T09:37:05,bike,74,976
2026-08-01T09:37:07,bike,74,977
2026-08-01T09:37:07,bike,77,978
2026-08-01T09:37:08,bike,74,979
2026-08-01T09:37:08,bike,73,980
2026-08-01T09:37:09,bike,73,981
2026-08-01T09:37:09,bike,71,982
2026-08-01T09:37:10,bike,73,983
2026-08-01T09:37:10,bike,73,984
2026-08-01T09:37:10,bike,72,985
2026-08-01T09:37:11,bike,73,986
2026-08-01T09:37:11,bike,73,987
2026-08-01T09:37:11,bike,74,988
2026-08-01T09:37:12,bike,72,989
2026-08-01T09:37:12,bike,73,990
2026-08-01T09:37:13,bike,73,991
2026-08-01T09:37:13,bike,72,992
2026-08-01T09:37:14,bike,73,993
2026-08-01T09:37:14,bike,73,994
2026-08-01T09:37:15,bike,73,995
2026-08-01T09:37:15,bike,74,996
2026-08-01T09:37:16,bike,73,997
2026-08-01T09:37:17,bike,72,998
2026-08-01T09:37:17,bike,73,999
2026-08-01T09:37:18,bike,72,1000
2026-08-01T09:37:18,bike,73,1001
2026-08-01T09:37:19,bike,74,1002
2026-08-01T09:37:19,bike,74,1003
2026-08-01T09:37:20,bike,73,1004
2026-08-01T09:37:21,bike,73,1005
2026-08-01T09:37:21,bike,72,1006
2026-08-01T09:37:22,bike,77,1007
2026-08-01T09:37:22,bike,72,1008
2026-08-01T09:37:22,bike,73,1009
2026-08-01T09:37:23,bike,73,1010
2026-08-01T09:37:23,bike,190,1011
2026-08-01T09:37:24,bike,77,1012
2026-08-01T09:37:24,bike,73,1013
2026-08-01T09:37:25,bike,72,1014
2026-08-01T09:37:25,bike,182,1015
2026-08-01T09:37:25,bike,92,1016
2026-08-01T09:37:26,bike,72,1017
2026-08-01T09:37:26,bike,72,1018
2026-08-01T09:37:26,bike,72,1019
2026-08-01T09:37:27,bike,71,1020
2026-08-01T09:37:27,bike,72,1021
2026-08-01T09:37:27,bike,72,1022
2026-08-01T09:37:28,bike,72,1023
2026-08-01T09:37:28,bike,72,1024
2026-08-01T09:37:28,bike,71,1025
2026-08-01T09:37:29,bike,72,1026
2026-08-01T09:37:29,bike,72,1027
2026-08-01T09:37:29,bike,72,1028
2026-08-01T09:37:30,bike,72,1029
2026-08-01T09:37:30,bike,73,1030
2026-08-01T09:37:30,bike,72,1031
2026-08-01T09:37:31,bike,73,1032
2026-08-01T09:37:31,bike,73,1033
2026-08-01T09:37:31,bike,72,1034
2026-08-01T09:37:32,bike,72,1035
2026-08-01T09:37:32,bike,72,1036
2026-08-01T09:37:33,bike,73,1037
2026-08-01T09:37:33,bike,72,1038
2026-08-01T09:37:34,bike,76,1039
2026-08-01T09:37:34,bike,72,1040
2026-08-01T09:37:34,bike,72,1041
2026-08-01T09:37:35,bike,74,1042
2026-08-01T09:37:36,bike,73,1043
2026-08-01T09:37:36,bike,72,1044
2026-08-01T09:37:37,bike,72,1045
2026-08-01T09:37:37,bike,73,1046
2026-08-01T09:37:38,bike,72,1047
2026-08-01T09:37:38,bike,73,1048
2026-08-01T09:37:39,bike,74,1049
2026-08-01T09:37:40,bike,210,1050
2026-08-01T09:37:40,bike,71,1051
2026-08-01T09:37:40,bike,72,1052
2026-08-01T09:37:41,bike,73,1053
2026-08-01T09:37:41,bike,72,1054
2026-08-01T09:37:41,bike,73,1055
2026-08-01T09:37:42,bike,74,1056
2026-08-01T09:37:42,bike,72,1057
2026-08-01T09:37:43,bike,73,1058
2026-08-01T09:37:44,bike,74,1059
2026-08-01T09:37:44,bike,74,1060
2026-08-01T09:37:45,bike,72,1061
2026-08-01T09:37:45,bike,73,1062
2026-08-01T09:37:45,bike,77,1063
2026-08-01T09:37:46,bike,74,1064
2026-08-01T09:37:47,bike,73,1065
2026-08-01T09:37:47,bike,74,1066
2026-08-01T09:37:48,bike,73,1067
2026-08-01T09:37:48,bike,77,1068
2026-08-01T09:37:49,bike,72,1069
2026-08-01T09:37:49,bike,73,1070
2026-08-01T09:37:50,bike,72,1071
2026-08-01T09:37:50,bike,72,1072
2026-08-01T09:37:50,bike,72,1073
2026-08-01T09:37:51,bike,72,1074
2026-08-01T09:37:51,bike,73,1075
2026-08-01T09:37:52,bike,72,1076
2026-08-01T09:37:52,bike,72,1077
2026-08-01T09:37:52,bike,72,1078
2026-08-01T09:37:53,bike,73,1079
2026-08-01T09:37:53,bike,72,1080
2026-08-01T09:37:53,bike,72,1081
2026-08-01T09:37:54,bike,72,1082
2026-08-01T09:37:54,bike,73,1083
2026-08-01T09:37:55,bike,72,1084
2026-08-01T09:37:55,bike,72,1085
2026-08-01T09:37:55,bike,72,1086
2026-08-01T09:37:56,bike,72,1087
2026-08-01T09:37:56,bike,72,1088
2026-08-01T09:37:56,bike,73,1089
2026-08-01T09:37:57,bike,73,1090
2026-08-01T09:37:57,bike,72,1091
2026-08-01T09:37:58,bike,74,1092
2026-08-01T09:37:58,bike,73,1093
2026-08-01T09:37:59,bike,73,1094
2026-08-01T09:38:00,bike,73,1095
2026-08-01T09:38:01,bike,73,1096
2026-08-01T09:38:04,bike,74,1097
2026-08-01T09:38:05,bike,76,1098
2026-08-01T09:38:08,bike,74,1099
2026-08-01T09:38:13,bike,74,1100
2026-08-01T09:38:15,bike,74,1101
2026-08-01T09:38:16,bike,74,1102
2026-08-01T09:38:19,bike,74,1103
2026-08-01T09:38:22,bike,77,1104
2026-08-01T09:38:22,bike,77,1105
2026-08-01T09:38:23,bike,71,1106
2026-08-01T09:38:23,bike,75,1107
2026-08-01T09:38:28,bike,74,1108
2026-08-01T09:38:31,bike,74,1109
2026-08-01T09:38:35,bike,74,1110
2026-08-01T09:38:43,bike,75,1111
2026-08-01T09:38:44,bike,209,1112
2026-08-01T09:38:45,bike,75,1113
2026-08-01T09:39:19,bike,76,1114
2026-08-01T09:39:35,bike,193,1115
2026-08-01T09:39:36,bike,211,1116
2026-08-01T09:39:36,bike,73,1117
2026-08-01T09:39:36,bike,76,1118
2026-08-01T09:39:37,bike,73,1119
2026-08-01T09:39:38,bike,73,1120
2026-08-01T09:39:39,bike,74,1121
2026-08-01T09:39:39,bike,72,1122
2026-08-01T09:39:40,bike,72,1123
2026-08-01T09:39:40,bike,72,1124
2026-08-01T09:39:40,bike,73,1125
2026-08-01T09:39:41,bike,72,1126
2026-08-01T09:39:41,bike,72,1127
2026-08-01T09:39:42,bike,74,1128
2026-08-01T09:39:42,bike,71,1129
2026-08-01T09:39:42,bike,72,1130
2026-08-01T09:39:43,bike,72,1131
2026-08-01T09:39:43,bike,72,1132
2026-08-01T09:39:43,bike,72,1133
2026-08-01T09:39:44,bike,72,1134
2026-08-01T09:39:44,bike,72,1135
2026-08-01T09:39:44,bike,72,1136
2026-08-01T09:39:45,bike,72,1137
2026-08-01T09:39:45,bike,72,1138
2026-08-01T09:39:45,bike,72,1139
2026-08-01T09:39:46,bike,72,1140
2026-08-01T09:39:46,bike,72,1141
2026-08-01T09:39:46,bike,72,1142
2026-08-01T09:39:46,bike,72,1143
2026-08-01T09:39:47,bike,72,1144
2026-08-01T09:39:47,bike,71,1145
2026-08-01T09:39:47,bike,71,1146
2026-08-01T09:39:48,bike,71,1147
2026-08-01T09:39:48,bike,71,1148
2026-08-01T09:39:48,bike,72,1149
2026-08-01T09:39:49,bike,72,1150
2026-08-01T09:39:49,bike,72,1151
2026-08-01T09:39:49,bike,72,1152
2026-08-01T09:39:49,bike,71,1153
2026-08-01T09:39:50,bike,72,1154
2026-08-01T09:39:50,bike,71,1155
2026-08-01T09:39:50,bike,72,1156
2026-08-01T09:39:51,bike,71,1157
2026-08-01T09:39:51,bike,71,1158
2026-08-01T09:39:51,bike,70,1159
2026-08-01T09:39:51,bike,72,1160
2026-08-01T09:39:52,bike,72,1161
2026-08-01T09:39:52,bike,70,1162
2026-08-01T09:39:52,bike,70,1163
2026-08-01T09:39:53,bike,71,1164
2026-08-01T09:39:53,bike,71,1165
2026-08-01T09:39:53,bike,70,1166
2026-08-01T09:39:53,bike,70,1167
2026-08-01T09:39:54,bike,70,1168
2026-08-01T09:39:54,bike,70,1169
2026-08-01T09:39:54,bike,71,1170
2026-08-01T09:39:54,bike,71,1171
2026-08-01T09:39:55,bike,70,1172
2026-08-01T09:39:55,bike,69,1173
2026-08-01T09:39:55,bike,69,1174
2026-08-01T09:39:56,bike,70,1175
2026-08-01T09:39:56,bike,71,1176
2026-08-01T09:39:56,bike,70,1177
2026-08-01T09:39:56,bike,69,1178
2026-08-01T09:39:57,bike,70,1179
2026-08-01T09:39:57,bike,70,1180
2026-08-01T09:39:57,bike,70,1181
2026-08-01T09:39:58,bike,69,1182
2026-08-01T09:39:58,bike,70,1183
2026-08-01T09:39:58,bike,70,1184
2026-08-01T09:39:58,bike,70,1185
2026-08-01T09:39:59,bike,70,1186
2026-08-01T09:39:59,bike,69,1187
2026-08-01T09:39:59,bike,70,1188
2026-08-01T09:39:59,bike,70,1189
2026-08-01T09:40:00,bike,70,1190
2026-08-01T09:40:00,bike,70,1191
2026-08-01T09:40:00,bike,70,1192
2026-08-01T09:40:01,bike,71,1193
2026-08-01T09:40:01,bike,71,1194
2026-08-01T09:40:01,bike,70,1195
2026-08-01T09:40:01,bike,70,1196
2026-08-01T09:40:02,bike,70,1197
2026-08-01T09:40:02,bike,71,1198
2026-08-01T09:40:02,bike,70,1199
2026-08-01T09:40:03,bike,70,1200
2026-08-01T09:40:03,bike,70,1201
2026-08-01T09:40:03,bike,72,1202
2026-08-01T09:40:03,bike,70,1203
2026-08-01T09:40:04,bike,70,1204
2026-08-01T09:40:04,bike,70,1205
2026-08-01T09:40:04,bike,70,1206
2026-08-01T09:40:04,bike,70,1207
2026-08-01T09:40:05,bike,70,1208
2026-08-01T09:40:05,bike,70,1209
2026-08-01T09:40:05,bike,70,1210
2026-08-01T09:40:06,bike,70,1211
2026-08-01T09:40:06,bike,71,1212
2026-08-01T09:40:06,bike,71,1213
2026-08-01T09:40:06,bike,70,1214
2026-08-01T09:40:07,bike,70,1215
2026-08-01T09:40:07,bike,71,1216
2026-08-01T09:40:07,bike,71,1217
2026-08-01T09:40:08,bike,70,1218
2026-08-01T09:40:08,bike,72,1219
2026-08-01T09:40:08,bike,70,1220
2026-08-01T09:40:08,bike,71,1221
2026-08-01T09:40:09,bike,70,1222
2026-08-01T09:40:09,bike,71,1223
2026-08-01T09:40:09,bike,70,1224
2026-08-01T09:40:09,bike,70,1225
2026-08-01T09:40:10,bike,70,1226
2026-08-01T09:40:10,bike,70,1227
2026-08-01T09:40:10,bike,70,1228
2026-08-01T09:40:11,bike,71,1229
2026-08-01T09:40:11,bike,69,1230
2026-08-01T09:40:11,bike,70,1231
2026-08-01T09:40:11,bike,70,1232
2026-08-01T09:40:12,bike,69,1233
2026-08-01T09:40:12,bike,70,1234
2026-08-01T09:40:12,bike,69,1235
2026-08-01T09:40:13,bike,71,1236
2026-08-01T09:40:13,bike,70,1237
2026-08-01T09:40:13,bike,70,1238
2026-08-01T09:40:13,bike,70,1239
2026-08-01T09:40:14,bike,70,1240
2026-08-01T09:40:14,bike,70,1241
2026-08-01T09:40:14,bike,71,1242
2026-08-01T09:40:15,bike,70,1243
2026-08-01T09:40:15,bike,71,1244
2026-08-01T09:40:15,bike,70,1245
2026-08-01T09:40:15,bike,69,1246
2026-08-01T09:40:16,bike,70,1247
2026-08-01T09:40:16,bike,70,1248
2026-08-01T09:40:16,bike,69,1249
2026-08-01T09:40:17,bike,70,1250
2026-08-01T09:40:17,bike,70,1251
2026-08-01T09:40:17,bike,70,1252
2026-08-01T09:40:17,bike,70,1253
2026-08-01T09:40:18,bike,70,1254
2026-08-01T09:40:18,bike,70,1255
2026-08-01T09:40:18,bike,70,1256
2026-08-01T09:40:19,bike,70,1257
2026-08-01T09:40:19,bike,70,1258
2026-08-01T09:40:19,bike,70,1259
2026-08-01T09:40:19,bike,70,1260
2026-08-01T09:40:20,bike,70,1261
2026-08-01T09:40:20,bike,70,1262
2026-08-01T09:40:20,bike,70,1263
2026-08-01T09:40:20,bike,70,1264
2026-08-01T09:40:21,bike,70,1265
2026-08-01T09:40:21,bike,70,1266
2026-08-01T09:40:21,bike,70,1267
2026-08-01T09:40:22,bike,70,1268
2026-08-01T09:40:22,bike,69,1269
2026-08-01T09:40:22,bike,69,1270
2026-08-01T09:40:23,bike,70,1271
2026-08-01T09:40:23,bike,70,1272
2026-08-01T09:40:23,bike,68,1273
2026-08-01T09:40:24,bike,70,1274
2026-08-01T09:40:24,bike,70,1275
2026-08-01T09:40:24,bike,70,1276
2026-08-01T09:40:25,bike,70,1277
2026-08-01T09:40:25,bike,69,1278
2026-08-01T09:40:25,bike,70,1279
2026-08-01T09:40:26,bike,69,1280
2026-08-01T09:40:26,bike,70,1281
2026-08-01T09:40:26,bike,70,1282
2026-08-01T09:40:27,bike,68,1283
2026-08-01T09:40:27,bike,69,1284
2026-08-01T09:40:27,bike,69,1285
2026-08-01T09:40:28,bike,69,1286
2026-08-01T09:40:28,bike,70,1287
2026-08-01T09:40:29,bike,69,1288
2026-08-01T09:40:29,bike,69,1289
2026-08-01T09:40:30,bike,69,1290
2026-08-01T09:40:30,bike,70,1291
2026-08-01T09:40:31,bike,69,1292
2026-08-01T09:40:32,bike,69,1293
2026-08-01T09:40:32,bike,70,1294
2026-08-01T09:40:32,bike,70,1295
2026-08-01T09:40:33,bike,68,1296
2026-08-01T09:40:33,bike,70,1297
2026-08-01T09:40:34,bike,72,1298
2026-08-01T09:40:34,bike,172,1299
2026-08-01T09:40:35,bike,69,1300
2026-08-01T09:41:06,single,66,1301
2026-08-01T09:41:54,bike,69,1302
2026-08-01T09:41:57,bike,68,1303
2026-08-01T09:41:58,bike,68,1304
2026-08-01T09:41:58,bike,69,1305
2026-08-01T09:41:58,bike,70,1306
2026-08-01T09:41:59,bike,70,1307
2026-08-01T09:41:59,bike,69,1308
2026-08-01T09:41:59,bike,69,1309
2026-08-01T09:42:00,bike,70,1310
2026-08-01T09:42:01,bike,70,1311
2026-08-01T09:42:01,bike,69,1312
2026-08-01T09:42:01,bike,68,1313
2026-08-01T09:42:02,bike,70,1314
2026-08-01T09:42:02,bike,69,1315
2026-08-01T09:42:02,bike,71,1316
2026-08-01T09:42:03,bike,70,1317
2026-08-01T09:42:03,bike,69,1318
2026-08-01T09:42:03,bike,69,1319
2026-08-01T09:42:04,bike,69,1320
2026-08-01T09:42:04,bike,68,1321
2026-08-01T09:42:04,bike,70,1322
2026-08-01T09:42:05,bike,69,1323
2026-08-01T09:42:05,bike,69,1324
2026-08-01T09:42:05,bike,69,1325
2026-08-01T09:42:06,bike,69,1326
2026-08-01T09:42:06,bike,69,1327
2026-08-01T09:42:06,bike,68,1328
2026-08-01T09:42:07,bike,68,1329
2026-08-01T09:42:07,bike,70,1330
2026-08-01T09:42:07,bike,69,1331
2026-08-01T09:42:08,bike,70,1332
2026-08-01T09:42:08,bike,69,1333
2026-08-01T09:42:09,bike,70,1334
2026-08-01T09:42:09,bike,69,1335
2026-08-01T09:42:09,bike,69,1336
2026-08-01T09:42:10,bike,69,1337
2026-08-01T09:42:10,bike,70,1338
2026-08-01T09:42:10,bike,69,1339
2026-08-01T09:42:11,bike,70,1340
2026-08-01T09:42:11,bike,69,1341
2026-08-01T09:42:12,bike,69,1342
2026-08-01T09:42:12,bike,70,1343
2026-08-01T09:42:12,bike,70,1344
2026-08-01T09:42:13,bike,69,1345
2026-08-01T09:42:13,bike,69,1346
2026-08-01T09:42:13,bike,70,1347
2026-08-01T09:42:14,bike,69,1348
2026-08-01T09:42:14,bike,69,1349
2026-08-01T09:42:14,bike,69,1350
2026-08-01T09:42:15,bike,70,1351
2026-08-01T09:42:15,bike,68,1352
2026-08-01T09:42:15,bike,70,1353
2026-08-01T09:42:16,bike,69,1354
2026-08-01T09:42:16,bike,70,1355
2026-08-01T09:42:17,bike,69,1356
2026-08-01T09:42:17,bike,69,1357
2026-08-01T09:42:17,bike,69,1358
2026-08-01T09:42:18,bike,68,1359
2026-08-01T09:42:18,bike,70,1360
2026-08-01T09:42:18,bike,70,1361
2026-08-01T09:42:19,bike,70,1362
2026-08-01T09:42:19,bike,69,1363
2026-08-01T09:42:20,bike,68,1364
2026-08-01T09:42:20,bike,70,1365
2026-08-01T09:42:20,bike,70,1366
2026-08-01T09:42:21,bike,69,1367
2026-08-01T09:42:21,bike,70,1368
2026-08-01T09:42:21,bike,69,1369
2026-08-01T09:42:22,bike,70,1370
2026-08-01T09:42:22,bike,70,1371
2026-08-01T09:42:22,bike,69,1372
2026-08-01T09:42:23,bike,70,1373
2026-08-01T09:42:23,bike,70,1374
2026-08-01T09:42:23,bike,69,1375
2026-08-01T09:42:24,bike,69,1376
2026-08-01T09:42:24,bike,68,1377
2026-08-01T09:42:24,bike,69,1378
2026-08-01T09:42:25,bike,70,1379
2026-08-01T09:42:25,bike,70,1380
2026-08-01T09:42:25,bike,70,1381
2026-08-01T09:42:25,bike,70,1382
2026-08-01T09:42:26,bike,70,1383
2026-08-01T09:42:26,bike,70,1384
2026-08-01T09:42:26,bike,69,1385
2026-08-01T09:42:26,bike,69,1386
2026-08-01T09:42:27,bike,70,1387
2026-08-01T09:42:27,bike,69,1388
2026-08-01T09:42:27,bike,70,1389
2026-08-01T09:42:28,bike,70,1390
2026-08-01T09:42:28,bike,70,1391
2026-08-01T09:42:28,bike,70,1392
2026-08-01T09:42:28,bike,70,1393
2026-08-01T09:42:29,bike,70,1394
2026-08-01T09:42:29,bike,70,1395
2026-08-01T09:42:29,bike,70,1396
2026-08-01T09:42:30,bike,70,1397
2026-08-01T09:42:30,bike,70,1398
2026-08-01T09:42:30,bike,70,1399
2026-08-01T09:42:30,bike,71,1400
2026-08-01T09:42:31,bike,70,1401
2026-08-01T09:42:31,bike,70,1402
2026-08-01T09:42:31,bike,69,1403
2026-08-01T09:42:32,bike,70,1404
2026-08-01T09:42:32,bike,70,1405
2026-08-01T09:42:32,bike,70,1406
2026-08-01T09:42:32,bike,70,1407
2026-08-01T09:42:33,bike,69,1408
2026-08-01T09:42:33,bike,70,1409
2026-08-01T09:42:33,bike,69,1410
2026-08-01T09:42:34,bike,77,1411
2026-08-01T09:42:34,bike,69,1412
2026-08-01T09:42:34,bike,70,1413
2026-08-01T09:42:34,bike,69,1414
2026-08-01T09:42:35,bike,70,1415
2026-08-01T09:42:35,bike,70,1416
2026-08-01T09:42:35,bike,70,1417
2026-08-01T09:42:36,bike,69,1418
2026-08-01T09:42:36,bike,70,1419
2026-08-01T09:42:36,bike,69,1420
2026-08-01T09:42:36,bike,69,1421
2026-08-01T09:42:37,bike,70,1422
2026-08-01T09:42:37,bike,70,1423
2026-08-01T09:42:37,bike,69,1424
2026-08-01T09:42:38,bike,69,1425
2026-08-01T09:42:38,bike,70,1426
2026-08-01T09:42:38,bike,69,1427
2026-08-01T09:42:39,bike,70,1428
2026-08-01T09:42:39,bike,69,1429
2026-08-01T09:42:39,bike,69,1430
2026-08-01T09:42:40,bike,69,1431
2026-08-01T09:42:40,bike,69,1432
2026-08-01T09:42:41,bike,69,1433
2026-08-01T09:42:41,bike,70,1434
2026-08-01T09:42:41,bike,69,1435
2026-08-01T09:42:42,bike,70,1436
2026-08-01T09:42:42,bike,70,1437
2026-08-01T09:42:43,bike,70,1438
2026-08-01T09:42:43,bike,69,1439
2026-08-01T09:42:44,bike,69,1440
2026-08-01T09:42:44,bike,69,1441
2026-08-01T09:42:44,bike,69,1442
2026-08-01T09:42:45,bike,69,1443
2026-08-01T09:42:45,bike,68,1444
2026-08-01T09:42:46,bike,68,1445
2026-08-01T09:42:46,bike,70,1446
2026-08-01T09:42:47,bike,69,1447
2026-08-01T09:42:47,bike,69,1448
2026-08-01T09:42:47,bike,68,1449
2026-08-01T09:42:48,bike,70,1450
2026-08-01T09:42:48,bike,70,1451
2026-08-01T09:42:49,bike,69,1452
2026-08-01T09:42:49,bike,69,1453
2026-08-01T09:42:49,bike,70,1454
2026-08-01T09:42:50,bike,71,1455
2026-08-01T09:42:50,bike,69,1456
2026-08-01T09:42:51,bike,69,1457
2026-08-01T09:42:51,bike,69,1458
2026-08-01T09:42:51,bike,70,1459
2026-08-01T09:42:52,bike,70,1460
2026-08-01T09:42:52,bike,69,1461
2026-08-01T09:42:52,bike,70,1462
2026-08-01T09:42:53,bike,70,1463
2026-08-01T09:42:53,bike,69,1464
2026-08-01T09:42:53,bike,71,1465
2026-08-01T09:42:54,bike,70,1466
2026-08-01T09:42:54,bike,69,1467
2026-08-01T09:42:54,bike,70,1468
2026-08-01T09:42:54,bike,70,1469
2026-08-01T09:42:55,bike,70,1470
2026-08-01T09:42:55,bike,70,1471
2026-08-01T09:42:55,bike,70,1472
2026-08-01T09:42:56,bike,70,1473
2026-08-01T09:42:56,bike,69,1474
2026-08-01T09:42:56,bike,70,1475
2026-08-01T09:42:56,bike,70,1476
2026-08-01T09:42:57,bike,70,1477
2026-08-01T09:42:57,bike,70,1478
2026-08-01T09:42:57,bike,70,1479
2026-08-01T09:42:58,bike,69,1480
2026-08-01T09:42:58,bike,70,1481
2026-08-01T09:42:58,bike,70,1482
2026-08-01T09:42:59,bike,70,1483
2026-08-01T09:42:59,bike,70,1484
2026-08-01T09:42:59,bike,70,1485
2026-08-01T09:42:59,bike,69,1486
2026-08-01T09:43:00,bike,70,1487
2026-08-01T09:43:00,bike,69,1488
2026-08-01T09:43:00,bike,69,1489
2026-08-01T09:43:01,bike,70,1490
2026-08-01T09:43:01,bike,69,1491
2026-08-01T09:43:01,bike,70,1492
2026-08-01T09:43:01,bike,69,1493
2026-08-01T09:43:02,bike,70,1494
2026-08-01T09:43:02,bike,70,1495
2026-08-01T09:43:02,bike,70,1496
2026-08-01T09:43:03,bike,69,1497
2026-08-01T09:43:03,bike,69,1498
2026-08-01T09:43:03,bike,70,1499
2026-08-01T09:43:03,bike,70,1500
2026-08-01T09:43:04,bike,69,1501
2026-08-01T09:43:04,bike,70,1502
2026-08-01T09:43:04,bike,70,1503
2026-08-01T09:43:05,bike,69,1504
2026-08-01T09:43:05,bike,70,1505
2026-08-01T09:43:05,bike,69,1506
2026-08-01T09:43:05,bike,70,1507
2026-08-01T09:43:06,bike,70,1508
2026-08-01T09:43:06,bike,70,1509
2026-08-01T09:43:06,bike,70,1510
2026-08-01T09:43:07,bike,71,1511
2026-08-01T09:43:07,bike,70,1512
2026-08-01T09:43:07,bike,70,1513
2026-08-01T09:43:07,bike,70,1514
2026-08-01T09:43:08,bike,70,1515
2026-08-01T09:43:08,bike,70,1516
2026-08-01T09:43:08,bike,70,1517
2026-08-01T09:43:08,bike,70,1518
2026-08-01T09:43:09,bike,70,1519
2026-08-01T09:43:09,bike,70,1520
2026-08-01T09:43:09,bike,70,1521
2026-08-01T09:43:10,bike,71,1522
2026-08-01T09:43:10,bike,71,1523
2026-08-01T09:43:10,bike,72,1524
2026-08-01T09:43:10,bike,70,1525
2026-08-01T09:43:11,bike,70,1526
2026-08-01T09:43:11,bike,71,1527
2026-08-01T09:43:11,bike,71,1528
2026-08-01T09:43:12,bike,72,1529
2026-08-01T09:43:12,bike,71,1530
2026-08-01T09:43:12,bike,71,1531
2026-08-01T09:43:12,bike,71,1532
2026-08-01T09:43:13,bike,72,1533
2026-08-01T09:43:13,bike,72,1534
2026-08-01T09:43:13,bike,71,1535
2026-08-01T09:43:14,bike,71,1536
2026-08-01T09:43:14,bike,72,1537
2026-08-01T09:43:14,bike,71,1538
2026-08-01T09:43:14,bike,72,1539
2026-08-01T09:43:15,bike,72,1540
2026-08-01T09:43:15,bike,72,1541
2026-08-01T09:43:15,bike,71,1542
2026-08-01T09:43:16,bike,72,1543
2026-08-01T09:43:16,bike,72,1544
2026-08-01T09:43:16,bike,72,1545
2026-08-01T09:43:16,bike,72,1546
2026-08-01T09:43:17,bike,72,1547
2026-08-01T09:43:17,bike,72,1548
2026-08-01T09:43:18,bike,72,1549
2026-08-01T09:43:18,bike,72,1550
2026-08-01T09:43:18,bike,72,1551
2026-08-01T09:43:19,bike,72,1552
2026-08-01T09:43:19,bike,73,1553
2026-08-01T09:43:20,bike,72,1554
2026-08-01T09:43:20,bike,72,1555
2026-08-01T09:43:20,bike,72,1556
2026-08-01T09:43:21,bike,72,1557
2026-08-01T09:43:21,bike,72,1558
2026-08-01T09:43:21,bike,72,1559
2026-08-01T09:43:22,bike,72,1560
2026-08-01T09:43:22,bike,72,1561
2026-08-01T09:43:23,bike,72,1562
2026-08-01T09:43:23,bike,74,1563
2026-08-01T09:43:25,bike,73,1564
2026-08-01T09:43:26,bike,74,1565
2026-08-01T09:43:29,bike,208,1566
2026-08-01T09:43:32,bike,74,1567
2026-08-01T09:43:37,bike,74,1568
2026-08-01T09:43:46,bike,74,1569
2026-08-01T09:43:53,bike,74,1570
2026-08-01T09:43:54,bike,74,1571
2026-08-01T09:43:56,bike,74,1572
2026-08-01T09:43:58,bike,74,1573
2026-08-01T09:44:00,bike,74,1574
2026-08-01T09:44:00,bike,73,1575
2026-08-01T09:44:01,bike,73,1576
2026-08-01T09:44:03,bike,74,1577
2026-08-01T09:44:04,bike,74,1578
2026-08-01T09:44:05,bike,74,1579
2026-08-01T09:44:06,bike,73,1580
2026-08-01T09:44:06,bike,97,1581
2026-08-01T09:44:07,bike,74,1582
2026-08-01T09:44:08,bike,74,1583
2026-08-01T09:44:08,bike,76,1584
2026-08-01T09:44:08,bike,76,1585
2026-08-01T09:44:09,bike,72,1586
2026-08-01T09:44:09,bike,72,1587
2026-08-01T09:44:09,bike,72,1588
2026-08-01T09:44:10,bike,72,1589
2026-08-01T09:44:10,bike,72,1590
2026-08-01T09:44:10,bike,72,1591
2026-08-01T09:44:11,bike,72,1592
2026-08-01T09:44:11,bike,72,1593
2026-08-01T09:44:11,bike,72,1594
2026-08-01T09:44:12,bike,72,1595
2026-08-01T09:44:12,bike,72,1596
2026-08-01T09:44:12,bike,71,1597
2026-08-01T09:44:13,bike,71,1598
2026-08-01T09:44:13,bike,72,1599
2026-08-01T09:44:13,bike,72,1600
2026-08-01T09:44:14,bike,72,1601
2026-08-01T09:44:14,bike,72,1602
2026-08-01T09:44:14,bike,72,1603
2026-08-01T09:44:15,bike,71,1604
2026-08-01T09:44:15,bike,72,1605
2026-08-01T09:44:15,bike,72,1606
2026-08-01T09:44:15,bike,73,1607
2026-08-01T09:44:16,bike,72,1608
2026-08-01T09:44:16,bike,72,1609
2026-08-01T09:44:16,bike,72,1610
2026-08-01T09:44:17,bike,72,1611
2026-08-01T09:44:17,bike,72,1612
2026-08-01T09:44:17,bike,71,1613
2026-08-01T09:44:18,bike,72,1614
2026-08-01T09:44:18,bike,72,1615
2026-08-01T09:44:18,bike,71,1616
2026-08-01T09:44:18,bike,71,1617
2026-08-01T09:44:19,bike,72,1618
2026-08-01T09:44:19,bike,70,1619
2026-08-01T09:44:19,bike,72,1620
2026-08-01T09:44:20,bike,71,1621
2026-08-01T09:44:20,bike,71,1622
2026-08-01T09:44:20,bike,71,1623
2026-08-01T09:44:20,bike,72,1624
2026-08-01T09:44:21,bike,71,1625
2026-08-01T09:44:21,bike,72,1626
2026-08-01T09:44:21,bike,71,1627
2026-08-01T09:44:22,bike,72,1628
2026-08-01T09:44:22,bike,72,1629
2026-08-01T09:44:22,bike,71,1630
2026-08-01T09:44:22,bike,71,1631
2026-08-01T09:44:23,bike,71,1632
2026-08-01T09:44:23,bike,72,1633
2026-08-01T09:44:23,bike,71,1634
2026-08-01T09:44:24,bike,70,1635
2026-08-01T09:44:24,bike,72,1636
2026-08-01T09:44:24,bike,71,1637
2026-08-01T09:44:24,bike,70,1638
2026-08-01T09:44:25,bike,70,1639
2026-08-01T09:44:25,bike,71,1640
2026-08-01T09:44:25,bike,70,1641
2026-08-01T09:44:25,bike,70,1642
2026-08-01T09:44:26,bike,71,1643
2026-08-01T09:44:26,bike,71,1644
2026-08-01T09:44:26,bike,70,1645
2026-08-01T09:44:27,bike,71,1646
2026-08-01T09:44:27,bike,71,1647
2026-08-01T09:44:27,bike,70,1648
2026-08-01T09:44:27,bike,70,1649
2026-08-01T09:44:28,bike,70,1650
2026-08-01T09:44:28,bike,69,1651
2026-08-01T09:44:28,bike,70,1652
2026-08-01T09:44:29,bike,70,1653
2026-08-01T09:44:29,bike,70,1654
2026-08-01T09:44:29,bike,70,1655
2026-08-01T09:44:29,bike,70,1656
2026-08-01T09:44:30,bike,72,1657
2026-08-01T09:44:30,bike,70,1658
2026-08-01T09:44:30,bike,70,1659
2026-08-01T09:44:31,bike,70,1660
2026-08-01T09:44:31,bike,70,1661
2026-08-01T09:44:31,bike,71,1662
2026-08-01T09:44:31,bike,98,1663
2026-08-01T09:44:32,bike,72,1664
2026-08-01T09:44:32,bike,70,1665
2026-08-01T09:44:32,bike,70,1666
2026-08-01T09:44:32,bike,70,1667
2026-08-01T09:44:33,bike,69,1668
2026-08-01T09:44:33,bike,70,1669
2026-08-01T09:44:33,bike,70,1670
2026-08-01T09:44:34,bike,70,1671
2026-08-01T09:44:34,bike,70,1672
2026-08-01T09:44:34,bike,70,1673
2026-08-01T09:44:34,bike,69,1674
2026-08-01T09:44:35,bike,104,1675
2026-08-01T09:44:35,bike,70,1676
2026-08-01T09:44:35,bike,70,1677
2026-08-01T09:44:36,bike,69,1678
2026-08-01T09:44:36,bike,69,1679
2026-08-01T09:44:37,single,68,1680
2026-08-01T09:44:38,bike,69,1681
2026-08-01T09:45:03,bike,71,1682
2026-08-01T09:45:03,bike,242,1683
2026-08-01T09:45:04,bike,71,1684
2026-08-01T09:45:19,bike,68,1685
2026-08-01T09:45:22,bike,69,1686
2026-08-01T09:45:22,bike,70,1687
2026-08-01T09:45:23,bike,69,1688
2026-08-01T09:45:24,bike,69,1689
2026-08-01T09:45:24,bike,69,1690
2026-08-01T09:45:25,bike,69,1691
2026-08-01T09:45:25,bike,68,1692
2026-08-01T09:45:26,bike,69,1693
2026-08-01T09:45:26,bike,69,1694
2026-08-01T09:45:27,bike,69,1695
2026-08-01T09:45:27,bike,69,1696
2026-08-01T09:45:28,bike,69,1697
2026-08-01T09:45:28,bike,69,1698
2026-08-01T09:45:29,bike,69,1699
2026-08-01T09:45:29,bike,69,1700
2026-08-01T09:45:29,bike,69,1701
2026-08-01T09:45:29,bike,70,1702
2026-08-01T09:45:30,bike,69,1703
2026-08-01T09:45:30,bike,70,1704
2026-08-01T09:45:30,bike,71,1705
2026-08-01T09:45:31,bike,69,1706
2026-08-01T09:45:31,bike,70,1707
2026-08-01T09:45:31,bike,69,1708
2026-08-01T09:45:32,bike,70,1709
2026-08-01T09:45:32,bike,69,1710
2026-08-01T09:45:32,bike,70,1711
2026-08-01T09:45:32,bike,70,1712
2026-08-01T09:45:33,bike,71,1713
2026-08-01T09:45:33,bike,70,1714
2026-08-01T09:45:33,bike,70,1715
2026-08-01T09:45:34,bike,70,1716
2026-08-01T09:45:34,bike,70,1717
2026-08-01T09:45:34,bike,70,1718
2026-08-01T09:45:34,bike,70,1719
2026-08-01T09:45:35,bike,70,1720
2026-08-01T09:45:35,bike,70,1721
2026-08-01T09:45:35,bike,70,1722
2026-08-01T09:45:35,bike,71,1723
2026-08-01T09:45:36,bike,71,1724
2026-08-01T09:45:36,bike,70,1725
2026-08-01T09:45:36,bike,70,1726
2026-08-01T09:45:37,bike,69,1727
2026-08-01T09:45:37,bike,70,1728
2026-08-01T09:45:37,bike,70,1729
2026-08-01T09:45:37,bike,71,1730
2026-08-01T09:45:38,bike,70,1731
2026-08-01T09:45:38,bike,70,1732
2026-08-01T09:45:38,bike,71,1733
2026-08-01T09:45:39,bike,70,1734
2026-08-01T09:45:39,bike,70,1735
2026-08-01T09:45:39,bike,71,1736
2026-08-01T09:45:39,bike,71,1737
2026-08-01T09:45:40,bike,70,1738
2026-08-01T09:45:40,bike,71,1739
2026-08-01T09:45:40,bike,70,1740
2026-08-01T09:45:40,bike,71,1741
2026-08-01T09:45:41,bike,70,1742
2026-08-01T09:45:41,bike,70,1743
2026-08-01T09:45:41,bike,71,1744
2026-08-01T09:45:42,bike,70,1745
2026-08-01T09:45:42,bike,71,1746
2026-08-01T09:45:42,bike,72,1747
2026-08-01T09:45:42,bike,70,1748
2026-08-01T09:45:43,bike,71,1749
2026-08-01T09:45:43,bike,71,1750
2026-08-01T09:45:43,bike,72,1751
2026-08-01T09:45:44,bike,72,1752
2026-08-01T09:45:44,bike,71,1753
2026-08-01T09:45:44,bike,71,1754
2026-08-01T09:45:44,bike,70,1755
2026-08-01T09:45:45,bike,70,1756
2026-08-01T09:45:45,bike,71,1757
2026-08-01T09:45:45,bike,71,1758
2026-08-01T09:45:46,bike,71,1759
2026-08-01T09:45:46,bike,71,1760
2026-08-01T09:45:46,bike,70,1761
2026-08-01T09:45:46,bike,70,1762
2026-08-01T09:45:47,bike,71,1763
2026-08-01T09:45:47,bike,70,1764
2026-08-01T09:45:47,bike,71,1765
2026-08-01T09:45:47,bike,72,1766
2026-08-01T09:45:48,bike,70,1767
2026-08-01T09:45:48,bike,72,1768
2026-08-01T09:45:48,bike,71,1769
2026-08-01T09:45:49,bike,71,1770
2026-08-01T09:45:49,bike,71,1771
2026-08-01T09:45:49,bike,71,1772
2026-08-01T09:45:49,bike,72,1773
2026-08-01T09:45:50,bike,72,1774
2026-08-01T09:45:50,bike,72,1775
2026-08-01T09:45:50,bike,72,1776
2026-08-01T09:45:51,bike,71,1777
2026-08-01T09:45:51,bike,72,1778
2026-08-01T09:45:51,bike,71,1779
2026-08-01T09:45:52,bike,71,1780
2026-08-01T09:45:52,bike,71,1781
2026-08-01T09:45:52,bike,72,1782
2026-08-01T09:45:53,bike,72,1783
2026-08-01T09:45:53,bike,72,1784
2026-08-01T09:45:53,bike,72,1785
2026-08-01T09:45:53,bike,72,1786
2026-08-01T09:45:54,bike,72,1787
2026-08-01T09:45:54,bike,72,1788
2026-08-01T09:45:55,bike,72,1789
2026-08-01T09:45:55,bike,71,1790
2026-08-01T09:45:55,bike,72,1791
2026-08-01T09:45:55,bike,72,1792
2026-08-01T09:45:56,bike,72,1793
2026-08-01T09:45:56,bike,73,1794
2026-08-01T09:45:57,bike,72,1795
2026-08-01T09:45:57,bike,73,1796
2026-08-01T09:45:57,bike,72,1797
2026-08-01T09:45:58,bike,72,1798
2026-08-01T09:45:58,bike,74,1799
2026-08-01T09:45:59,bike,72,1800
2026-08-01T09:45:59,bike,72,1801
2026-08-01T09:46:00,bike,73,1802
2026-08-01T09:46:00,bike,73,1803
2026-08-01T09:46:01,bike,73,1804
2026-08-01T09:46:01,bike,74,1805
2026-08-01T09:46:02,bike,73,1806
2026-08-01T09:46:03,bike,73,1807
2026-08-01T09:46:04,bike,74,1808
2026-08-01T09:46:05,bike,73,1809
2026-08-01T09:46:06,bike,73,1810
2026-08-01T09:46:09,bike,74,1811
2026-08-01T09:46:13,bike,74,1812
2026-08-01T09:46:54,bike,86,1813
2026-08-01T09:46:55,bike,78,1814
2026-08-01T09:46:59,bike,177,1815
2026-08-01T09:46:59,bike,219,1816
2026-08-01T09:47:00,bike,183,1817
2026-08-01T09:47:01,bike,74,1818
2026-08-01T09:47:02,bike,74,1819
2026-08-01T09:47:03,bike,73,1820
2026-08-01T09:47:04,bike,73,1821
2026-08-01T09:47:05,bike,72,1822
2026-08-01T09:47:05,bike,73,1823
2026-08-01T09:47:05,bike,73,1824
2026-08-01T09:47:06,bike,74,1825
2026-08-01T09:47:07,bike,73,1826
2026-08-01T09:47:08,bike,73,1827
2026-08-01T09:47:08,bike,72,1828
2026-08-01T09:47:08,bike,72,1829
2026-08-01T09:47:09,bike,73,1830
2026-08-01T09:47:09,bike,73,1831
2026-08-01T09:47:10,bike,72,1832
2026-08-01T09:47:10,bike,72,1833
2026-08-01T09:47:11,bike,73,1834
2026-08-01T09:47:11,bike,72,1835
2026-08-01T09:47:12,bike,73,1836
2026-08-01T09:47:13,bike,73,1837
2026-08-01T09:47:13,bike,72,1838
2026-08-01T09:47:14,bike,74,1839
2026-08-01T09:47:15,bike,72,1840
2026-08-01T09:47:16,bike,74,1841
2026-08-01T09:47:17,bike,74,1842
2026-08-01T09:47:18,bike,74,1843
2026-08-01T09:47:20,bike,70,1844
2026-08-01T09:47:20,bike,72,1845
2026-08-01T09:47:20,bike,73,1846
2026-08-01T09:47:21,bike,73,1847
2026-08-01T09:47:21,bike,73,1848
2026-08-01T09:47:22,bike,73,1849
2026-08-01T09:47:22,bike,73,1850
2026-08-01T09:47:23,bike,72,1851
2026-08-01T09:47:23,bike,72,1852
2026-08-01T09:47:24,bike,73,1853
2026-08-01T09:47:24,bike,73,1854
2026-08-01T09:47:25,bike,72,1855
2026-08-01T09:47:25,bike,72,1856
2026-08-01T09:47:25,bike,73,1857
2026-08-01T09:47:26,bike,72,1858
2026-08-01T09:47:26,bike,72,1859
2026-08-01T09:47:26,bike,72,1860
2026-08-01T09:47:27,bike,72,1861
2026-08-01T09:47:27,bike,72,1862
2026-08-01T09:47:28,bike,73,1863
2026-08-01T09:47:29,bike,72,1864
2026-08-01T09:47:29,bike,73,1865
2026-08-01T09:47:30,bike,74,1866
2026-08-01T09:47:30,bike,74,1867
2026-08-01T09:47:31,bike,74,1868
2026-08-01T09:47:31,bike,72,1869
2026-08-01T09:47:32,bike,73,1870
2026-08-01T09:47:32,bike,72,1871
2026-08-01T09:47:33,bike,73,1872
2026-08-01T09:47:33,bike,72,1873
2026-08-01T09:47:34,bike,72,1874
2026-08-01T09:47:34,bike,72,1875
2026-08-01T09:47:34,bike,73,1876
2026-08-01T09:47:35,bike,73,1877
2026-08-01T09:47:35,bike,72,1878
2026-08-01T09:47:36,bike,73,1879
2026-08-01T09:47:36,bike,72,1880
2026-08-01T09:47:37,bike,73,1881
2026-08-01T09:47:38,bike,73,1882
2026-08-01T09:47:38,bike,73,1883
2026-08-01T09:47:39,bike,72,1884
2026-08-01T09:47:39,bike,72,1885
2026-08-01T09:47:40,bike,72,1886
2026-08-01T09:47:40,bike,73,1887
2026-08-01T09:47:41,bike,73,1888
2026-08-01T09:47:41,bike,72,1889
2026-08-01T09:47:42,bike,73,1890
2026-08-01T09:47:42,bike,72,1891
2026-08-01T09:47:42,bike,72,1892
2026-08-01T09:47:43,bike,72,1893
2026-08-01T09:47:43,bike,73,1894
2026-08-01T09:47:43,bike,72,1895
2026-08-01T09:47:44,bike,73,1896
2026-08-01T09:47:45,bike,74,1897
2026-08-01T09:47:46,bike,72,1898
2026-08-01T09:47:49,bike,74,1899
2026-08-01T09:47:50,bike,74,1900
2026-08-01T09:47:53,bike,74,1901
2026-08-01T09:48:00,bike,75,1902
2026-08-01T09:48:27,bike,247,1903
2026-08-01T09:48:39,bike,312,1904
2026-08-01T09:48:43,bike,215,1905
2026-08-01T09:48:48,bike,181,1906
2026-08-01T09:48:49,bike,198,1907
2026-08-01T09:49:19,bike,192,1908
2026-08-01T09:49:22,bike,198,1909
2026-08-01T09:49:31,bike,220,1910
2026-08-01T09:49:33,bike,208,1911
2026-08-01T09:49:35,bike,281,1912
2026-08-01T09:50:05,bike,259,1913
2026-08-01T09:50:10,bike,252,1914
2026-08-01T09:50:18,bike,186,1915
2026-08-01T09:50:21,bike,240,1916
2026-08-01T09:50:40,bike,188,1917
2026-08-01T09:50:52,bike,241,1918
2026-08-01T09:50:52,bike,266,1919
2026-08-01T09:50:59,bike,176,1920
2026-08-01T09:51:27,bike,265,1921
2026-08-01T09:51:30,bike,222,1922
2026-08-01T09:51:32,bike,236,1923
2026-08-01T09:51:35,bike,233,1924
2026-08-01T09:51:39,bike,218,1925
2026-08-01T09:51:41,bike,221,1926
2026-08-01T09:52:20,bike,211,1927
2026-08-01T09:52:24,bike,211,1928
2026-08-01T09:52:27,bike,265,1929
2026-08-01T09:52:30,bike,209,1930
2026-08-01T09:52:30,bike,289,1931
2026-08-01T09:52:32,bike,274,1932
2026-08-01T09:52:41,bike,217,1933
2026-08-01T09:52:42,bike,268,1934
2026-08-01T09:53:35,bike,245,1935
2026-08-01T09:54:03,bike,107,1936
2026-08-01T09:56:02,bike,206,1937
2026-08-01T09:56:11,bike,251,1938
2026-08-01T09:56:22,bike,323,1939
2026-08-01T09:56:44,bike,229,1940
2026-08-01T09:57:03,bike,216,1941
2026-08-01T09:57:10,bike,233,1942
2026-08-01T09:57:12,bike,268,1943
2026-08-01T09:57:53,bike,264,1944
2026-08-01T09:58:09,bike,206,1945
2026-08-01T09:58:25,bike,214,1946
2026-08-01T09:58:32,bike,229,1947
2026-08-01T09:59:04,bike,223,1948
2026-08-01T09:59:32,bike,263,1949
2026-08-01T10:00:14,bike,311,1950
2026-08-01T10:00:28,bike,268,1951
2026-08-01T10:00:33,bike,513,1952
2026-08-01T10:00:56,bike,264,1953
2026-08-01T10:01:04,bike,245,1954
2026-08-01T10:01:26,bike,233,1955
2026-08-01T10:02:05,bike,296,1956
2026-08-01T10:02:27,bike,209,1957
2026-08-01T10:02:31,bike,218,1958
2026-08-01T10:02:35,bike,234,1959
2026-08-01T10:02:36,bike,234,1960
2026-08-01T10:02:50,bike,222,1961
2026-08-01T10:02:51,bike,206,1962
2026-08-01T10:02:56,bike,379,1963
2026-08-01T10:03:11,bike,207,1964
2026-08-01T10:03:12,bike,212,1965
2026-08-01T10:03:14,bike,311,1966
2026-08-01T10:03:35,bike,237,1967
2026-08-01T10:03:40,bike,247,1968
2026-08-01T10:04:14,bike,216,1969
2026-08-01T10:04:17,bike,254,1970
2026-08-01T10:04:20,bike,257,1971
2026-08-01T10:04:21,bike,236,1972
2026-08-01T10:05:04,bike,230,1973
2026-08-01T10:05:07,bike,312,1974
2026-08-01T10:05:18,bike,280,1975
2026-08-01T10:06:02,bike,304,1976
2026-08-01T10:07:12,bike,242,1977
2026-08-01T10:07:12,bike,257,1978
2026-08-01T10:07:14,bike,231,1979
2026-08-01T10:07:15,bike,245,1980
2026-08-01T10:07:34,bike,293,1981
2026-08-01T10:08:04,bike,309,1982
2026-08-01T10:09:56,bike,341,1983
2026-08-01T10:10:01,bike,308,1984
2026-08-01T10:17:13,bike,783,1985
2026-08-01T10:39:03,bike,693,1986
2026-08-01T10:47:55,bike,552,1987
2026-08-01T10:50:12,bike,421,1988
2026-08-01T10:53:16,bike,536,1989
2026-08-01T11:51:09,bike,399,1990
2026-08-01T11:52:24,bike,326,1991
2026-08-01T11:52:24,bike,271,1992
2026-08-01T11:52:26,bike,386,1993
2026-08-01T11:52:35,bike,304,1994
2026-08-01T11:52:45,bike,309,1995
2026-08-01T11:52:47,bike,335,1996
2026-08-01T11:58:19,bike,392,1997
2026-08-01T11:59:01,bike,413,1998
2026-08-01T12:01:55,bike,269,1999
2026-08-01T12:01:56,bike,214,2000
2026-08-01T12:01:56,bike,230,2001
2026-08-01T12:01:57,bike,290,2002
2026-08-01T12:01:58,bike,280,2003
2026-08-01T12:02:13,bike,248,2004
2026-08-01T12:03:16,bike,246,2005
2026-08-01T12:03:40,bike,160,2006
2026-08-01T12:03:44,bike,286,2007
2026-08-01T12:03:54,bike,301,2008
2026-08-01T12:04:44,bike,259,2009
2026-08-01T12:04:47,bike,257,2010
2026-08-01T12:05:00,bike,288,2011
2026-08-01T12:05:01,bike,252,2012
2026-08-01T12:05:46,bike,210,2013
2026-08-01T12:05:52,bike,208,2014
2026-08-01T12:06:14,bike,287,2015
2026-08-01T12:06:26,bike,175,2016
2026-08-01T12:06:33,bike,204,2017
2026-08-01T12:06:45,bike,81,2018
2026-08-01T12:06:47,bike,73,2019
2026-08-01T12:06:47,bike,73,2020
2026-08-01T12:06:48,bike,73,2021
2026-08-01T12:06:48,bike,72,2022
2026-08-01T12:06:48,bike,72,2023
2026-08-01T12:06:49,bike,72,2024
2026-08-01T12:06:49,bike,72,2025
2026-08-01T12:06:49,bike,72,2026
2026-08-01T12:06:50,bike,72,2027
2026-08-01T12:06:50,bike,70,2028
2026-08-01T12:06:50,bike,72,2029
2026-08-01T12:06:50,bike,71,2030
2026-08-01T12:06:51,bike,71,2031
2026-08-01T12:06:51,bike,71,2032
2026-08-01T12:06:51,bike,71,2033
2026-08-01T12:06:52,bike,70,2034
2026-08-01T12:06:52,bike,70,2035
2026-08-01T12:06:52,bike,70,2036
2026-08-01T12:06:52,bike,70,2037
2026-08-01T12:06:53,bike,70,2038
2026-08-01T12:06:53,bike,70,2039
2026-08-01T12:06:53,bike,70,2040
2026-08-01T12:06:54,bike,70,2041
2026-08-01T12:06:54,bike,70,2042
2026-08-01T12:06:54,bike,70,2043
2026-08-01T12:06:55,bike,69,2044
2026-08-01T12:06:55,bike,70,2045
2026-08-01T12:06:55,bike,69,2046
2026-08-01T12:06:56,bike,69,2047
2026-08-01T12:07:09,bike,208,2048
2026-08-01T12:07:10,bike,232,2049
2026-08-01T12:07:17,bike,178,2050
2026-08-01T12:07:18,single,218,2051
2026-08-01T12:07:54,bike,197,2052
2026-08-01T12:08:06,bike,210,2053
2026-08-01T12:08:07,bike,169,2054
2026-08-01T12:08:14,bike,326,2055
2026-08-01T12:08:15,bike,206,2056
2026-08-01T12:08:16,bike,259,2057
2026-08-01T12:08:23,bike,250,2058
2026-08-01T12:08:24,bike,119,2059
2026-08-01T12:08:35,bike,221,2060
2026-08-01T12:08:45,bike,162,2061
2026-08-01T12:09:03,bike,230,2062
2026-08-01T12:09:19,bike,153,2063
2026-08-01T12:09:24,bike,180,2064
2026-08-01T12:09:27,bike,180,2065
2026-08-01T12:09:30,bike,186,2066
2026-08-01T12:09:33,bike,190,2067
2026-08-01T12:09:35,bike,192,2068
2026-08-01T12:09:37,bike,166,2069
2026-08-01T12:10:25,bike,154,2070
2026-08-01T12:11:54,bike,249,2071
2026-08-01T12:11:56,bike,230,2072
2026-08-01T12:12:05,bike,115,2073
2026-08-01T12:12:06,bike,99,2074
2026-08-01T12:12:10,bike,133,2075
2026-08-01T12:12:22,bike,135,2076
2026-08-01T12:12:47,bike,194,2077
2026-08-01T12:12:56,bike,142,2078
2026-08-01T12:12:57,single,147,2079
2026-08-01T12:12:59,bike,123,2080
2026-08-01T12:13:05,bike,177,2081
2026-08-01T12:13:06,bike,307,2082
2026-08-01T12:13:14,bike,169,2083
2026-08-01T12:13:14,bike,188,2084
2026-08-01T12:13:17,bike,151,2085
2026-08-01T12:13:20,bike,165,2086
2026-08-01T12:13:21,bike,232,2087
2026-08-01T12:13:26,bike,198,2088
2026-08-01T12:13:27,bike,162,2089
2026-08-01T12:13:32,bike,251,2090
2026-08-01T12:13:33,bike,242,2091
2026-08-01T12:13:38,bike,195,2092
2026-08-01T12:13:39,bike,164,2093
2026-08-01T12:13:39,bike,189,2094
2026-08-01T12:13:40,bike,227,2095
2026-08-01T12:13:53,bike,206,2096
2026-08-01T12:14:00,bike,179,2097
2026-08-01T12:14:01,bike,219,2098
2026-08-01T12:14:05,bike,207,2099
2026-08-01T12:14:10,bike,190,2100
2026-08-01T12:14:35,bike,231,2101
2026-08-01T12:14:41,bike,201,2102
2026-08-01T12:14:49,bike,69,2103
2026-08-01T12:14:50,bike,70,2104
2026-08-01T12:14:50,bike,70,2105
2026-08-01T12:14:51,bike,71,2106
2026-08-01T12:14:51,bike,72,2107
2026-08-01T12:14:51,bike,72,2108
2026-08-01T12:14:58,bike,173,2109
2026-08-01T12:14:59,bike,196,2110
2026-08-01T12:15:01,bike,186,2111
2026-08-01T12:15:09,bike,177,2112
2026-08-01T12:15:10,bike,214,2113
2026-08-01T12:15:13,bike,228,2114
2026-08-01T12:15:18,bike,184,2115
2026-08-01T12:15:31,bike,282,2116
2026-08-01T12:16:10,bike,282,2117
2026-08-01T12:16:11,bike,273,2118
2026-08-01T12:17:06,bike,300,2119
2026-08-01T12:17:07,bike,281,2120
2026-08-01T12:17:26,bike,319,2121
2026-08-01T12:17:48,bike,226,2122
2026-08-01T12:17:51,bike,236,2123
2026-08-01T12:17:52,bike,252,2124
2026-08-01T12:18:04,bike,297,2125
2026-08-01T12:18:43,bike,259,2126
2026-08-01T12:18:46,bike,306,2127
2026-08-01T12:19:01,bike,279,2128
2026-08-01T12:19:51,bike,246,2129
2026-08-01T12:19:53,bike,304,2130
2026-08-01T12:19:56,bike,188,2131
2026-08-01T12:19:57,bike,326,2132
2026-08-01T12:19:58,bike,183,2133
2026-08-01T12:20:02,bike,185,2134
2026-08-01T12:20:03,bike,266,2135
2026-08-01T12:20:11,bike,179,2136
2026-08-01T12:20:12,bike,201,2137
2026-08-01T12:20:18,bike,74,2138
2026-08-01T12:20:18,bike,72,2139
2026-08-01T12:20:18,bike,72,2140
2026-08-01T12:20:19,bike,72,2141
2026-08-01T12:20:19,bike,72,2142
2026-08-01T12:20:19,bike,71,2143
2026-08-01T12:20:19,bike,71,2144
2026-08-01T12:20:20,bike,70,2145
2026-08-01T12:20:20,bike,70,2146
2026-08-01T12:20:20,bike,70,2147
2026-08-01T12:20:21,bike,69,2148
2026-08-01T12:20:21,bike,69,2149
2026-08-01T12:20:21,bike,69,2150
2026-08-01T12:20:22,single,68,2151
2026-08-01T12:20:41,bike,214,2152
2026-08-01T12:21:17,bike,132,2153
2026-08-01T12:21:19,bike,130,2154
2026-08-01T12:21:35,bike,132,2155
2026-08-01T12:22:01,bike,192,2156
2026-08-01T12:22:18,bike,82,2157
2026-08-01T12:22:18,bike,130,2158
2026-08-01T12:22:21,bike,118,2159
2026-08-01T12:22:33,bike,86,2160
2026-08-01T12:22:34,bike,124,2161
2026-08-01T12:23:01,bike,220,2162
2026-08-01T12:23:02,single,127,2163
2026-08-01T12:23:11,bike,105,2164
2026-08-01T12:23:24,bike,101,2165
2026-08-01T12:24:24,bike,86,2166
2026-08-01T12:24:26,bike,105,2167
2026-08-01T12:25:36,bike,122,2168
2026-08-01T12:25:40,bike,109,2169
2026-08-01T12:25:41,bike,128,2170
2026-08-01T12:25:43,bike,123,2171
2026-08-01T12:25:44,bike,112,2172
2026-08-01T12:26:08,bike,110,2173
2026-08-01T12:26:18,bike,106,2174
2026-08-01T12:26:19,bike,104,2175
2026-08-01T12:26:37,bike,94,2176
2026-08-01T12:26:39,bike,115,2177
2026-08-01T12:26:40,bike,84,2178
2026-08-01T12:26:48,bike,154,2179
2026-08-01T12:26:50,bike,161,2180
2026-08-01T12:26:52,single,171,2181
2026-08-01T12:26:55,bike,112,2182
2026-08-01T12:27:05,bike,174,2183
2026-08-01T12:27:06,bike,103,2184
2026-08-01T12:27:10,bike,177,2185
2026-08-01T12:27:32,bike,162,2186
2026-08-01T12:27:43,bike,167,2187
2026-08-01T12:27:47,bike,176,2188
2026-08-01T12:27:48,bike,155,2189
2026-08-01T12:27:49,bike,136,2190
2026-08-01T12:27:50,bike,148,2191
2026-08-01T12:27:54,bike,137,2192
2026-08-01T12:27:59,bike,145,2193
2026-08-01T12:28:00,single,136,2194
2026-08-01T12:28:01,single,208,2195
2026-08-01T12:28:09,bike,216,2196
2026-08-01T12:28:10,bike,222,2197
2026-08-01T12:28:27,bike,168,2198
2026-08-01T12:28:48,bike,181,2199
2026-08-01T12:28:53,bike,73,2200
2026-08-01T12:28:53,bike,176,2201
2026-08-01T12:28:54,bike,69,2202
2026-08-01T12:28:54,bike,69,2203
2026-08-01T12:28:54,bike,69,2204
2026-08-01T12:28:54,bike,70,2205
2026-08-01T12:28:55,bike,70,2206
2026-08-01T12:28:55,bike,70,2207
2026-08-01T12:28:55,bike,71,2208
2026-08-01T12:28:56,bike,71,2209
2026-08-01T12:28:56,bike,71,2210
2026-08-01T12:28:56,bike,72,2211
2026-08-01T12:29:03,bike,254,2212
2026-08-01T12:29:06,bike,241,2213
2026-08-01T12:29:59,bike,241,2214
2026-08-01T12:30:24,bike,275,2215
2026-08-01T12:30:38,bike,262,2216
2026-08-01T12:30:51,bike,316,2217
2026-08-01T12:30:53,bike,258,2218
2026-08-01T12:31:16,bike,262,2219
2026-08-01T12:31:17,bike,354,2220
2026-08-01T12:31:21,bike,421,2221
2026-08-01T12:31:30,bike,235,2222
2026-08-01T12:31:44,bike,277,2223
2026-08-01T12:31:50,bike,370,2224
2026-08-01T12:31:50,bike,310,2225
2026-08-01T12:31:58,bike,326,2226
2026-08-01T12:31:59,bike,324,2227
2026-08-01T12:32:03,bike,318,2228
2026-08-01T12:32:17,bike,269,2229
2026-08-01T12:32:19,bike,292,2230
2026-08-01T12:33:31,bike,298,2231
2026-08-01T12:33:32,bike,260,2232
2026-08-01T12:34:24,bike,342,2233
2026-08-01T12:34:26,bike,354,2234
2026-08-01T12:34:27,bike,352,2235
2026-08-01T12:34:36,bike,318,2236
2026-08-01T12:34:53,bike,253,2237
2026-08-01T12:34:53,bike,259,2238
2026-08-01T12:35:06,bike,346,2239
2026-08-01T12:35:55,bike,302,2240
2026-08-01T12:38:41,bike,436,2241
2026-08-01T12:39:15,bike,347,2242
2026-08-01T12:39:29,bike,392,2243
2026-08-01T12:39:40,bike,321,2244
2026-08-01T12:39:42,bike,300,2245
2026-08-01T12:40:00,bike,355,2246
2026-08-01T12:40:18,bike,243,2247
2026-08-01T12:40:29,bike,252,2248
2026-08-01T12:40:59,bike,235,2249
2026-08-01T12:41:00,bike,225,2250
2026-08-01T12:41:00,bike,198,2251
2026-08-01T12:41:15,bike,239,2252
2026-08-01T12:41:17,bike,73,2253
2026-08-01T12:41:18,bike,73,2254
2026-08-01T12:41:18,bike,72,2255
2026-08-01T12:41:18,bike,71,2256
2026-08-01T12:41:19,bike,70,2257
2026-08-01T12:41:19,bike,70,2258
2026-08-01T12:41:19,bike,161,2259
2026-08-01T12:41:20,bike,70,2260
2026-08-01T12:41:34,bike,211,2261
2026-08-01T12:41:38,bike,173,2262
2026-08-01T12:41:45,bike,171,2263
2026-08-01T12:42:06,bike,251,2264
2026-08-01T12:42:19,bike,183,2265
2026-08-01T12:42:20,bike,142,2266
2026-08-01T12:42:48,bike,69,2267
2026-08-01T12:42:48,bike,70,2268
2026-08-01T12:42:48,bike,70,2269
2026-08-01T12:42:49,bike,68,2270
2026-08-01T12:42:49,bike,70,2271
2026-08-01T12:42:49,bike,71,2272
2026-08-01T12:42:49,bike,71,2273
2026-08-01T12:42:50,bike,71,2274
2026-08-01T12:42:50,bike,70,2275
2026-08-01T12:42:50,bike,71,2276
2026-08-01T12:42:51,bike,72,2277
2026-08-01T12:42:51,bike,72,2278
2026-08-01T12:42:51,bike,72,2279
2026-08-01T12:42:52,bike,73,2280
2026-08-01T12:42:52,bike,73,2281
2026-08-01T12:42:53,bike,74,2282
2026-08-01T12:42:53,bike,73,2283
2026-08-01T12:44:05,bike,186,2284
2026-08-01T12:44:08,bike,261,2285
2026-08-01T12:45:17,bike,191,2286
2026-08-01T12:45:18,bike,191,2287
2026-08-01T12:45:24,bike,276,2288
2026-08-01T12:45:53,bike,264,2289
2026-08-01T12:45:53,bike,330,2290
2026-08-01T12:46:26,bike,246,2291
2026-08-01T12:46:27,bike,343,2292
2026-08-01T12:46:29,bike,234,2293
2026-08-01T12:46:30,bike,181,2294
2026-08-01T12:46:30,bike,197,2295
2026-08-01T12:46:53,bike,189,2296
2026-08-01T12:46:55,bike,201,2297
2026-08-01T12:46:57,bike,206,2298
2026-08-01T12:46:59,bike,181,2299
2026-08-01T12:47:00,bike,188,2300
2026-08-01T12:47:00,bike,292,2301
2026-08-01T12:47:06,bike,207,2302
2026-08-01T12:47:08,bike,73,2303
2026-08-01T12:47:08,bike,73,2304
2026-08-01T12:47:08,bike,73,2305
2026-08-01T12:47:09,bike,72,2306
2026-08-01T12:47:09,bike,72,2307
2026-08-01T12:47:09,bike,72,2308
2026-08-01T12:47:10,bike,71,2309
2026-08-01T12:47:10,bike,70,2310
2026-08-01T12:47:10,bike,72,2311
2026-08-01T12:47:10,bike,69,2312
2026-08-01T12:47:11,bike,71,2313
2026-08-01T12:47:11,bike,71,2314
2026-08-01T12:47:11,bike,72,2315
2026-08-01T12:47:12,bike,70,2316
2026-08-01T12:47:12,bike,71,2317
2026-08-01T12:47:12,bike,70,2318
2026-08-01T12:47:12,bike,71,2319
2026-08-01T12:47:13,bike,72,2320
2026-08-01T12:47:13,bike,71,2321
2026-08-01T12:47:13,bike,71,2322
2026-08-01T12:47:14,bike,70,2323
2026-08-01T12:47:14,bike,71,2324
2026-08-01T12:47:14,bike,70,2325
2026-08-01T12:47:14,bike,70,2326
2026-08-01T12:47:15,bike,70,2327
2026-08-01T12:47:15,bike,72,2328
2026-08-01T12:47:15,bike,70,2329
2026-08-01T12:47:15,bike,72,2330
2026-08-01T12:47:16,bike,71,2331
2026-08-01T12:47:16,bike,71,2332
2026-08-01T12:47:16,bike,72,2333
2026-08-01T12:47:17,bike,71,2334
2026-08-01T12:47:17,bike,72,2335
2026-08-01T12:47:17,bike,71,2336
2026-08-01T12:47:18,bike,71,2337
2026-08-01T12:47:18,bike,72,2338
2026-08-01T12:47:18,bike,72,2339
2026-08-01T12:47:18,bike,72,2340
2026-08-01T12:47:19,bike,71,2341
2026-08-01T12:47:19,bike,73,2342
2026-08-01T12:47:19,bike,72,2343
2026-08-01T12:47:20,bike,72,2344
2026-08-01T12:47:20,bike,72,2345
2026-08-01T12:47:21,bike,73,2346
2026-08-01T12:47:21,bike,73,2347
2026-08-01T12:47:22,bike,72,2348
2026-08-01T12:47:35,bike,228,2349
2026-08-01T12:48:07,bike,265,2350
2026-08-01T12:48:08,bike,187,2351
2026-08-01T12:48:11,bike,187,2352
2026-08-01T12:48:12,bike,75,2353
2026-08-01T12:48:14,bike,74,2354
2026-08-01T12:48:16,bike,76,2355
2026-08-01T12:48:16,bike,90,2356
2026-08-01T12:48:17,bike,74,2357
2026-08-01T12:48:17,bike,73,2358
2026-08-01T12:48:17,bike,72,2359
2026-08-01T12:48:18,bike,71,2360
2026-08-01T12:48:18,bike,180,2361
2026-08-01T12:48:18,bike,71,2362
2026-08-01T12:48:18,bike,71,2363
2026-08-01T12:48:19,bike,71,2364
2026-08-01T12:48:19,bike,72,2365
2026-08-01T12:48:19,bike,72,2366
2026-08-01T12:48:20,bike,71,2367
2026-08-01T12:48:20,bike,71,2368
2026-08-01T12:48:20,bike,71,2369
2026-08-01T12:48:20,bike,70,2370
2026-08-01T12:48:21,bike,70,2371
2026-08-01T12:48:21,bike,70,2372
2026-08-01T12:48:21,bike,70,2373
2026-08-01T12:48:22,bike,69,2374
2026-08-01T12:48:27,bike,70,2375
2026-08-01T12:48:33,bike,168,2376
2026-08-01T12:48:35,bike,171,2377
2026-08-01T12:48:39,bike,160,2378
2026-08-01T12:48:40,bike,213,2379
2026-08-01T12:48:45,bike,331,2380
2026-08-01T12:48:46,bike,212,2381
2026-08-01T12:48:53,bike,132,2382
2026-08-01T12:48:55,bike,149,2383
2026-08-01T12:49:06,bike,164,2384
2026-08-01T12:49:07,bike,160,2385
2026-08-01T12:49:17,bike,184,2386
2026-08-01T12:49:18,bike,156,2387
2026-08-01T12:49:45,bike,193,2388
2026-08-01T12:50:33,bike,169,2389
2026-08-01T12:50:37,bike,178,2390
2026-08-01T12:50:41,bike,164,2391
2026-08-01T12:50:43,bike,191,2392
2026-08-01T12:52:12,bike,132,2393
2026-08-01T12:52:21,bike,174,2394
2026-08-01T12:52:27,bike,150,2395
2026-08-01T12:52:40,bike,147,2396
2026-08-01T12:52:42,bike,182,2397
2026-08-01T12:52:43,bike,145,2398
2026-08-01T12:53:02,bike,114,2399
2026-08-01T12:53:03,bike,114,2400
2026-08-01T12:53:20,bike,120,2401
2026-08-01T12:53:30,bike,167,2402
2026-08-01T12:53:32,bike,146,2403
2026-08-01T12:53:33,bike,149,2404
2026-08-01T12:53:33,bike,178,2405
2026-08-01T12:53:37,bike,114,2406
2026-08-01T12:53:42,bike,144,2407
2026-08-01T12:54:00,bike,163,2408
2026-08-01T12:54:11,bike,125,2409
2026-08-01T12:54:12,bike,115,2410
2026-08-01T12:54:48,bike,124,2411
2026-08-01T12:54:49,single,108,2412
2026-08-01T12:54:54,bike,140,2413
2026-08-01T12:55:52,bike,140,2414
2026-08-01T12:56:02,single,166,2415
2026-08-01T12:56:04,bike,180,2416
2026-08-01T12:56:14,bike,103,2417
2026-08-01T12:56:23,bike,222,2418
2026-08-01T12:56:24,single,124,2419
2026-08-01T12:56:25,single,83,2420
2026-08-01T12:56:27,bike,93,2421
2026-08-01T12:56:44,bike,117,2422
2026-08-01T12:57:19,bike,184,2423
2026-08-01T12:57:23,bike,114,2424
2026-08-01T12:57:36,bike,77,2425
2026-08-01T12:58:25,bike,120,2426
2026-08-01T12:58:28,bike,132,2427
2026-08-01T12:58:56,bike,214,2428
2026-08-01T12:59:13,bike,397,2429
2026-08-01T12:59:18,bike,169,2430
2026-08-01T12:59:37,bike,168,2431
2026-08-01T12:59:39,bike,339,2432
2026-08-01T12:59:48,single,227,2433
2026-08-01T13:00:36,bike,213,2434
2026-08-01T13:00:37,bike,182,2435
2026-08-01T13:00:44,single,294,2436
2026-08-01T13:00:44,single,144,2437
2026-08-01T13:00:47,bike,163,2438
2026-08-01T13:01:05,bike,180,2439
2026-08-01T13:01:05,bike,192,2440
2026-08-01T13:01:16,bike,199,2441
2026-08-01T13:02:00,bike,196,2442
2026-08-01T13:02:01,bike,194,2443
2026-08-01T13:03:14,bike,365,2444
2026-08-01T13:03:22,single,131,2445
2026-08-01T13:03:36,bike,138,2446
2026-08-01T13:03:36,single,222,2447
2026-08-01T13:03:41,bike,169,2448
2026-08-01T13:03:47,bike,98,2449
2026-08-01T13:04:10,bike,226,2450
2026-08-01T13:04:19,bike,153,2451
2026-08-01T13:04:51,bike,90,2452
2026-08-01T13:04:52,bike,117,2453
2026-08-01T13:04:58,single,110,2454
2026-08-01T13:04:59,bike,124,2455
2026-08-01T13:05:17,bike,106,2456
2026-08-01T13:05:24,bike,107,2457
2026-08-01T13:05:26,single,111,2458
2026-08-01T13:05:48,bike,101,2459
2026-08-01T13:06:41,single,98,2460
2026-08-01T13:07:20,single,85,2461
2026-08-01T13:07:31,single,87,2462
2026-08-01T13:07:36,bike,120,2463
2026-08-01T13:08:01,single,82,2464
2026-08-01T13:08:12,bike,121,2465
2026-08-01T13:08:16,single,84,2466
2026-08-01T13:09:29,bike,138,2467
2026-08-01T13:09:33,single,66,2468
2026-08-01T13:09:36,single,96,2469
2026-08-01T13:10:15,bike,149,2470
2026-08-01T13:10:16,bike,85,2471
2026-08-01T13:10:17,single,92,2472
2026-08-01T13:10:20,bike,110,2473
2026-08-01T13:10:29,bike,121,2474
2026-08-01T13:10:33,bike,143,2475
2026-08-01T13:10:36,bike,273,2476
2026-08-01T13:10:37,bike,80,2477
2026-08-01T13:10:45,bike,103,2478
2026-08-01T13:10:48,bike,108,2479
2026-08-01T13:10:49,bike,113,2480
2026-08-01T13:11:21,bike,135,2481
2026-08-01T13:11:30,bike,135,2482
2026-08-01T13:12:20,bike,190,2483
2026-08-01T13:12:37,bike,196,2484
2026-08-01T13:12:56,bike,201,2485
2026-08-01T13:13:10,bike,154,2486
2026-08-01T13:13:11,bike,176,2487
2026-08-01T13:13:14,bike,169,2488
2026-08-01T13:13:15,bike,100,2489
2026-08-01T13:13:19,bike,242,2490
2026-08-01T13:13:21,bike,268,2491
2026-08-01T13:13:37,bike,151,2492
2026-08-01T13:13:37,bike,173,2493
2026-08-01T13:13:58,bike,148,2494
2026-08-01T13:14:59,bike,296,2495
2026-08-01T13:15:01,bike,217,2496
2026-08-01T13:15:01,bike,218,2497
2026-08-01T13:15:36,bike,196,2498
2026-08-01T13:15:37,bike,182,2499
2026-08-01T13:15:54,bike,194,2500
2026-08-01T13:15:56,bike,216,2501
2026-08-01T13:15:59,bike,454,2502
2026-08-01T13:16:01,bike,172,2503
2026-08-01T13:16:01,bike,138,2504
2026-08-01T13:16:02,bike,395,2505
2026-08-01T13:16:04,bike,131,2506
2026-08-01T13:16:06,bike,123,2507
2026-08-01T13:16:08,bike,326,2508
2026-08-01T13:16:10,bike,294,2509
2026-08-01T13:16:46,bike,108,2510
2026-08-01T13:17:08,bike,148,2511
2026-08-01T13:17:12,bike,120,2512
2026-08-01T13:17:22,bike,151,2513
2026-08-01T13:17:27,bike,87,2514
2026-08-01T13:17:30,bike,99,2515
2026-08-01T13:17:32,bike,71,2516
2026-08-01T13:17:36,bike,115,2517
2026-08-01T13:18:01,bike,132,2518
2026-08-01T13:18:06,bike,123,2519
2026-08-01T13:18:46,bike,213,2520
2026-08-01T13:19:06,bike,136,2521
2026-08-01T13:19:07,bike,158,2522
2026-08-01T13:19:18,bike,159,2523
2026-08-01T13:19:19,bike,168,2524
2026-08-01T13:19:23,bike,103,2525
2026-08-01T13:19:24,bike,86,2526
2026-08-01T13:19:28,bike,153,2527
2026-08-01T13:20:12,single,88,2528
2026-08-01T13:20:18,bike,139,2529
2026-08-01T13:20:23,single,79,2530
2026-08-01T13:20:40,single,90,2531
2026-08-01T13:20:43,bike,100,2532
2026-08-01T13:20:53,single,81,2533
2026-08-01T13:21:06,single,94,2534
2026-08-01T13:21:09,single,109,2535
2026-08-01T13:21:18,bike,120,2536
2026-08-01T13:22:12,bike,107,2537
2026-08-01T13:22:13,single,103,2538
2026-08-01T13:22:15,bike,98,2539
2026-08-01T13:22:32,bike,172,2540
2026-08-01T13:22:38,bike,132,2541
2026-08-01T13:22:39,bike,182,2542
2026-08-01T13:22:41,bike,135,2543
2026-08-01T13:22:48,bike,205,2544
2026-08-01T13:22:55,bike,118,2545
2026-08-01T13:22:57,bike,133,2546
2026-08-01T13:22:59,bike,157,2547
2026-08-01T13:23:20,bike,132,2548
2026-08-01T13:23:22,bike,112,2549
2026-08-01T13:23:22,bike,181,2550
2026-08-01T13:23:28,single,76,2551
2026-08-01T13:23:35,bike,85,2552
2026-08-01T13:23:37,single,76,2553
2026-08-01T13:23:38,bike,137,2554
2026-08-01T13:23:39,bike,92,2555
2026-08-01T13:23:43,single,125,2556
2026-08-01T13:23:51,bike,122,2557
2026-08-01T13:23:52,single,129,2558
2026-08-01T13:23:53,single,98,2559
2026-08-01T13:23:54,bike,128,2560
2026-08-01T13:24:10,bike,132,2561
2026-08-01T13:24:22,bike,126,2562
2026-08-01T13:24:46,single,84,2563
2026-08-01T13:25:01,bike,113,2564
2026-08-01T13:25:04,bike,83,2565
2026-08-01T13:25:05,bike,123,2566
2026-08-01T13:25:20,bike,196,2567
2026-08-01T13:25:30,single,144,2568
2026-08-01T13:26:15,bike,231,2569
2026-08-01T13:26:20,bike,124,2570
2026-08-01T13:26:21,bike,109,2571
2026-08-01T13:27:02,single,105,2572
2026-08-01T13:27:02,bike,111,2573
2026-08-01T13:27:16,bike,168,2574
2026-08-01T13:27:27,single,176,2575
2026-08-01T13:27:37,bike,158,2576
2026-08-01T13:27:45,bike,113,2577
2026-08-01T13:27:50,bike,234,2578
2026-08-01T13:27:53,bike,156,2579
2026-08-01T13:28:09,bike,157,2580
2026-08-01T13:28:10,bike,203,2581
2026-08-01T13:28:36,bike,239,2582
2026-08-01T13:28:41,bike,192,2583
2026-08-01T13:28:57,bike,179,2584
2026-08-01T13:28:58,single,183,2585
2026-08-01T13:29:28,bike,292,2586
2026-08-01T13:29:36,bike,157,2587
2026-08-01T13:29:40,bike,171,2588
2026-08-01T13:29:43,bike,149,2589
2026-08-01T13:29:45,bike,132,2590
2026-08-01T13:29:46,single,114,2591
2026-08-01T13:29:57,bike,143,2592
2026-08-01T13:29:59,bike,161,2593
2026-08-01T13:30:00,single,190,2594
2026-08-01T13:30:07,bike,178,2595
2026-08-01T13:30:10,bike,105,2596
2026-08-01T13:30:34,bike,241,2597
2026-08-01T13:31:01,bike,148,2598
2026-08-01T13:31:02,bike,147,2599
2026-08-01T13:31:57,single,203,2600
2026-08-01T13:32:03,bike,184,2601
2026-08-01T13:32:59,bike,127,2602
2026-08-01T13:33:00,bike,171,2603
2026-08-01T13:33:01,bike,206,2604
2026-08-01T13:33:04,bike,132,2605
2026-08-01T13:33:10,bike,92,2606
2026-08-01T13:33:12,bike,186,2607
2026-08-01T13:33:14,bike,181,2608
2026-08-01T13:33:16,bike,216,2609
2026-08-01T13:33:18,bike,119,2610
2026-08-01T13:33:23,bike,197,2611
2026-08-01T13:33:24,bike,120,2612
2026-08-01T13:33:57,bike,101,2613
2026-08-01T13:34:00,bike,84,2614
2026-08-01T13:34:21,bike,132,2615
2026-08-01T13:34:31,bike,110,2616
2026-08-01T13:34:32,bike,249,2617
2026-08-01T13:36:18,single,98,2618
2026-08-01T13:36:20,bike,122,2619
2026-08-01T13:36:30,single,110,2620
2026-08-01T13:36:59,bike,96,2621
2026-08-01T13:37:00,single,111,2622
2026-08-01T13:37:10,bike,111,2623
2026-08-01T13:37:11,bike,96,2624
2026-08-01T13:37:24,single,99,2625
2026-08-01T13:38:58,bike,113,2626
2026-08-01T13:39:45,single,88,2627
2026-08-01T13:40:13,bike,497,2628
2026-08-01T13:40:14,bike,347,2629
2026-08-01T13:41:04,single,94,2630
2026-08-01T13:41:21,bike,112,2631
2026-08-01T13:41:23,bike,144,2632
2026-08-01T13:41:24,single,80,2633
2026-08-01T13:42:00,bike,213,2634
2026-08-01T13:42:07,single,95,2635
2026-08-01T13:42:18,bike,234,2636
2026-08-01T13:42:18,single,239,2637
2026-08-01T13:43:18,single,115,2638
2026-08-01T13:44:30,single,103,2639
2026-08-01T13:45:39,bike,140,2640
2026-08-01T13:46:12,bike,130,2641
2026-08-01T13:46:14,bike,175,2642
2026-08-01T13:46:22,bike,151,2643
2026-08-01T13:46:23,single,77,2644
2026-08-01T13:46:24,bike,80,2645
2026-08-01T13:46:25,bike,96,2646
2026-08-01T13:46:48,bike,128,2647
2026-08-01T13:47:46,bike,143,2648
2026-08-01T13:47:47,bike,176,2649
2026-08-01T13:47:48,single,269,2650
2026-08-01T13:47:48,bike,143,2651
2026-08-01T13:47:49,bike,118,2652
2026-08-01T13:48:09,bike,316,2653
2026-08-01T13:48:10,bike,404,2654
2026-08-01T13:48:36,bike,144,2655
2026-08-01T13:48:55,bike,121,2656
2026-08-01T13:48:56,single,88,2657
2026-08-01T13:48:58,bike,180,2658
2026-08-01T13:49:03,bike,116,2659
2026-08-01T13:49:27,bike,96,2660
2026-08-01T13:49:47,bike,158,2661
2026-08-01T13:51:27,bike,88,2662
2026-08-01T13:51:54,single,191,2663
2026-08-01T13:52:20,single,102,2664
2026-08-01T13:52:53,bike,103,2665
2026-08-01T13:53:15,bike,162,2666
2026-08-01T13:53:19,bike,147,2667
2026-08-01T13:53:47,bike,92,2668
2026-08-01T13:53:50,single,121,2669
2026-08-01T13:55:13,bike,148,2670
2026-08-01T13:55:13,bike,217,2671
2026-08-01T13:55:16,bike,115,2672
2026-08-01T13:56:55,bike,137,2673
2026-08-01T13:56:59,bike,162,2674
2026-08-01T13:57:09,bike,152,2675
2026-08-01T13:57:12,bike,132,2676
2026-08-01T13:57:25,single,104,2677
2026-08-01T13:57:26,single,118,2678
2026-08-01T13:57:45,single,136,2679
2026-08-01T13:57:46,single,94,2680
2026-08-01T13:58:51,bike,104,2681
2026-08-01T13:58:53,single,111,2682
2026-08-01T13:59:32,bike,138,2683
2026-08-01T13:59:58,bike,155,2684
2026-08-01T14:00:00,single,173,2685
2026-08-01T14:00:47,single,86,2686
2026-08-01T14:01:15,single,142,2687
2026-08-01T14:01:54,single,132,2688
2026-08-01T14:02:58,bike,136,2689
2026-08-01T14:03:21,single,104,2690
2026-08-01T14:03:36,single,97,2691
2026-08-01T14:03:37,single,90,2692
2026-08-01T14:03:39,single,81,2693
2026-08-01T14:03:41,single,101,2694
2026-08-01T14:03:43,bike,134,2695
2026-08-01T14:03:44,bike,163,2696
2026-08-01T14:03:50,bike,122,2697
2026-08-01T14:03:52,single,66,2698
2026-08-01T14:04:04,bike,156,2699
2026-08-01T14:04:06,bike,132,2700
2026-08-01T14:04:50,bike,150,2701
2026-08-01T14:04:52,bike,190,2702
2026-08-01T14:04:53,bike,168,2703
2026-08-01T14:04:54,single,86,2704
2026-08-01T14:04:55,bike,164,2705
2026-08-01T14:05:27,bike,103,2706
2026-08-01T14:05:37,bike,294,2707
2026-08-01T14:05:41,bike,132,2708
2026-08-01T14:05:42,bike,110,2709
2026-08-01T14:05:57,bike,120,2710
2026-08-01T14:06:04,bike,242,2711
2026-08-01T14:06:05,bike,276,2712
2026-08-01T14:06:07,bike,216,2713
2026-08-01T14:06:08,bike,260,2714
2026-08-01T14:06:10,bike,217,2715
2026-08-01T14:06:10,bike,234,2716
2026-08-01T14:06:14,bike,202,2717
2026-08-01T14:06:15,bike,188,2718
2026-08-01T14:06:25,bike,182,2719
2026-08-01T14:06:26,bike,533,2720
